ts_iso,sclk_mhz,edge_temp_c,power_mw,gtt_gib,vram_gib,mem_avail_mb
2026-06-02T16:40:22Z,1000,55.0,52083,0.012,0.009,2030
2026-06-02T16:40:22Z,1000,56.0,47017,0.012,0.009,2030
2026-06-02T16:40:22Z,1000,55.0,47006,0.012,0.009,2030
2026-06-02T16:40:22Z,1000,55.0,47033,0.012,0.009,2030
2026-06-02T16:40:23Z,1000,56.0,47029,0.012,0.009,2030
2026-06-02T16:40:23Z,1000,56.0,51094,0.012,0.009,2019
2026-06-02T16:40:23Z,1000,55.0,47035,0.012,0.009,2019
2026-06-02T16:40:23Z,1000,56.0,47033,0.012,0.009,2021
2026-06-02T16:40:23Z,1000,56.0,47003,0.012,0.009,2021
2026-06-02T16:40:24Z,1000,55.0,47011,0.012,0.009,2021
2026-06-02T16:40:24Z,1000,55.0,47030,0.012,0.009,2021
2026-06-02T16:40:24Z,1000,55.0,54070,0.012,0.009,3719
2026-06-02T16:40:24Z,1000,56.0,54146,0.012,0.009,7007
2026-06-02T16:40:24Z,1000,56.0,54089,0.012,0.009,9699
2026-06-02T16:40:25Z,1000,55.0,54207,0.012,0.009,12283
2026-06-02T16:40:25Z,1000,56.0,54234,0.012,0.009,14043
2026-06-02T16:40:25Z,1000,55.0,52109,0.012,0.009,14508
2026-06-02T16:40:25Z,1000,55.0,54023,0.012,0.009,14426
2026-06-02T16:40:25Z,1000,55.0,51036,0.012,0.009,14364
2026-06-02T16:40:26Z,1000,55.0,55215,0.012,0.009,14333
2026-06-02T16:40:26Z,1000,55.0,50195,0.012,0.009,14333
2026-06-02T16:40:26Z,1000,56.0,49087,0.012,0.009,14303
2026-06-02T16:40:26Z,1000,56.0,47175,0.012,0.009,14285
2026-06-02T16:40:26Z,1000,56.0,47156,0.012,0.009,14289
2026-06-02T16:40:27Z,1000,55.0,47151,0.012,0.009,14280
2026-06-02T16:40:27Z,1000,56.0,47146,0.012,0.009,14283
2026-06-02T16:40:27Z,1000,56.0,47180,0.012,0.009,14284
2026-06-02T16:40:27Z,1000,56.0,47172,0.012,0.009,14279
2026-06-02T16:40:27Z,1000,55.0,48072,0.012,0.009,14269
2026-06-02T16:40:28Z,1000,56.0,47187,0.012,0.009,14280
2026-06-02T16:40:28Z,1000,56.0,47150,0.012,0.009,14278
2026-06-02T16:40:28Z,1000,55.0,47110,0.012,0.009,14287
2026-06-02T16:40:28Z,1000,55.0,47145,0.012,0.009,14295
2026-06-02T16:40:28Z,1000,56.0,47163,0.012,0.009,14294
2026-06-02T16:40:29Z,1000,55.0,47150,0.012,0.009,14293
2026-06-02T16:40:29Z,1000,56.0,47154,0.012,0.009,14292
2026-06-02T16:40:29Z,1000,55.0,47180,0.012,0.009,14291
2026-06-02T16:40:29Z,1000,55.0,47151,0.012,0.009,14283
2026-06-02T16:40:29Z,1000,55.0,47166,0.012,0.009,14283
2026-06-02T16:40:30Z,1000,56.0,47177,0.012,0.009,14290
2026-06-02T16:40:30Z,1000,56.0,47196,0.012,0.009,14294
2026-06-02T16:40:30Z,1000,55.0,47154,0.012,0.009,14294
2026-06-02T16:40:30Z,1000,56.0,47175,0.012,0.009,14278
2026-06-02T16:40:30Z,1000,56.0,47133,0.012,0.009,14285
2026-06-02T16:40:31Z,1000,55.0,47208,0.012,0.009,14283
2026-06-02T16:40:31Z,1000,55.0,47193,0.012,0.009,14283
2026-06-02T16:40:31Z,1000,56.0,47177,0.012,0.009,14290
2026-06-02T16:40:31Z,1000,56.0,47177,0.012,0.009,14291
2026-06-02T16:40:31Z,1000,56.0,47220,0.012,0.009,14291
2026-06-02T16:40:32Z,1000,55.0,47157,0.012,0.009,14292
2026-06-02T16:40:32Z,1000,55.0,47165,0.012,0.009,14289
2026-06-02T16:40:32Z,1000,55.0,47180,0.012,0.009,14289
2026-06-02T16:40:32Z,1000,55.0,47251,0.012,0.009,14296
2026-06-02T16:40:32Z,1000,56.0,47230,0.012,0.009,14286
2026-06-02T16:40:33Z,1000,56.0,47176,0.012,0.009,14287
2026-06-02T16:40:33Z,1000,55.0,47176,0.012,0.009,14291
2026-06-02T16:40:33Z,1000,55.0,47205,0.012,0.009,14292
2026-06-02T16:40:33Z,1000,55.0,47142,0.012,0.009,14293
2026-06-02T16:40:33Z,1000,55.0,47126,0.012,0.009,14292
2026-06-02T16:40:34Z,1000,55.0,47153,0.012,0.009,14293
2026-06-02T16:40:34Z,1000,55.0,47181,0.012,0.009,14293
2026-06-02T16:40:34Z,1000,55.0,47131,0.012,0.009,14298
2026-06-02T16:40:34Z,1000,56.0,48004,0.012,0.009,14291
2026-06-02T16:40:34Z,1000,55.0,47178,0.012,0.009,14285
2026-06-02T16:40:35Z,1000,55.0,47185,0.012,0.009,14285
2026-06-02T16:40:35Z,1000,56.0,48016,0.012,0.009,14284
2026-06-02T16:40:35Z,1000,56.0,47160,0.012,0.009,14283
2026-06-02T16:40:35Z,1000,55.0,47243,0.012,0.009,14282
2026-06-02T16:40:35Z,1000,55.0,47198,0.012,0.009,14282
2026-06-02T16:40:36Z,1000,55.0,47198,0.012,0.009,14279
2026-06-02T16:40:36Z,1000,56.0,47223,0.012,0.009,14273
2026-06-02T16:40:36Z,1000,56.0,47155,0.012,0.009,14264
2026-06-02T16:40:36Z,1000,55.0,47172,0.012,0.009,14260
2026-06-02T16:40:36Z,1000,56.0,47155,0.012,0.009,14268
2026-06-02T16:40:37Z,1000,56.0,47162,0.012,0.009,14269
2026-06-02T16:40:37Z,1000,55.0,47161,0.012,0.009,14267
2026-06-02T16:40:37Z,1000,56.0,47164,0.012,0.009,14267
2026-06-02T16:40:37Z,1000,56.0,47163,0.012,0.009,14266
2026-06-02T16:40:37Z,1000,56.0,47203,0.012,0.009,14258
2026-06-02T16:40:38Z,1000,55.0,47140,0.012,0.009,14249
2026-06-02T16:40:38Z,1000,56.0,47214,0.012,0.009,14246
2026-06-02T16:40:38Z,1000,56.0,47179,0.012,0.009,14251
2026-06-02T16:40:38Z,1000,56.0,47156,0.012,0.009,14245
2026-06-02T16:40:38Z,1000,56.0,47192,0.012,0.009,14252
2026-06-02T16:40:39Z,1000,55.0,47117,0.012,0.009,14248
2026-06-02T16:40:39Z,1000,56.0,47182,0.012,0.009,14243
2026-06-02T16:40:39Z,1000,55.0,47178,0.012,0.009,14242
2026-06-02T16:40:39Z,1000,56.0,47170,0.012,0.009,14237
2026-06-02T16:40:39Z,1000,56.0,47169,0.012,0.009,14240
2026-06-02T16:40:40Z,1000,56.0,47150,0.012,0.009,14246
2026-06-02T16:40:40Z,1000,55.0,56125,1.012,0.009,13716
2026-06-02T16:40:40Z,1000,56.0,52039,1.993,0.011,12435
2026-06-02T16:40:40Z,1000,56.0,55250,2.974,0.012,11445
2026-06-02T16:40:40Z,1000,55.0,56191,3.935,0.014,10808
2026-06-02T16:40:41Z,1000,56.0,54164,4.916,0.014,10326
2026-06-02T16:40:41Z,1000,56.0,53206,4.916,0.014,9467
2026-06-02T16:40:41Z,1000,56.0,55010,5.877,0.014,8859
2026-06-02T16:40:41Z,1000,55.0,54175,6.858,0.014,8386
2026-06-02T16:40:41Z,1000,56.0,54187,6.858,0.014,7471
2026-06-02T16:40:42Z,1000,56.0,58015,7.819,0.014,6860
2026-06-02T16:40:42Z,1000,56.0,55185,8.799,0.015,6313
2026-06-02T16:40:42Z,1000,56.0,54227,8.799,0.015,5472
2026-06-02T16:40:42Z,1000,56.0,55020,9.761,0.016,4910
2026-06-02T16:40:42Z,1000,56.0,54201,10.186,0.018,4313
2026-06-02T16:40:43Z,1000,56.0,48249,10.186,0.019,4035
2026-06-02T16:40:43Z,1000,56.0,49085,10.186,0.019,3980
2026-06-02T16:40:43Z,1000,55.0,49141,10.186,0.019,3903
2026-06-02T16:40:43Z,1000,55.0,49012,10.186,0.019,3904
2026-06-02T16:40:43Z,1000,56.0,50096,10.186,0.019,4030
2026-06-02T16:40:44Z,1000,56.0,54010,10.186,0.019,4031
2026-06-02T16:40:44Z,1000,56.0,52022,10.186,0.019,4035
2026-06-02T16:40:44Z,1000,55.0,48209,10.186,0.019,4030
2026-06-02T16:40:44Z,1000,55.0,51235,10.186,0.019,4014
2026-06-02T16:40:44Z,1000,56.0,52090,10.186,0.019,4020
2026-06-02T16:40:45Z,1000,56.0,49014,10.186,0.019,4093
2026-06-02T16:40:45Z,1000,56.0,51214,10.186,0.019,4091
2026-06-02T16:40:45Z,1000,56.0,51002,10.186,0.019,4100
2026-06-02T16:40:45Z,1000,56.0,47189,10.186,0.019,4070
2026-06-02T16:40:45Z,1000,56.0,47159,10.186,0.019,4076
2026-06-02T16:40:46Z,1000,55.0,49215,10.186,0.019,4071
2026-06-02T16:40:46Z,1000,56.0,49141,10.186,0.019,4068
2026-06-02T16:40:46Z,1000,55.0,47166,10.186,0.019,4070
2026-06-02T16:40:46Z,1000,55.0,48167,10.186,0.019,4078
2026-06-02T16:40:46Z,1000,56.0,47204,10.186,0.019,4081
2026-06-02T16:40:47Z,1000,56.0,48129,10.186,0.019,4071
2026-06-02T16:40:47Z,1000,55.0,48190,10.186,0.019,4077
2026-06-02T16:40:47Z,1000,56.0,48170,10.186,0.019,4081
2026-06-02T16:40:47Z,1000,55.0,53049,10.186,0.019,4097
2026-06-02T16:40:47Z,1000,56.0,47134,10.186,0.019,4103
2026-06-02T16:40:48Z,1000,55.0,48033,10.186,0.019,4100
2026-06-02T16:40:48Z,1000,56.0,48136,10.186,0.019,4102
2026-06-02T16:40:48Z,1000,56.0,50131,10.186,0.019,4092
2026-06-02T16:40:48Z,1000,56.0,48140,10.186,0.019,4090
2026-06-02T16:40:48Z,1000,55.0,52142,10.186,0.019,4093
2026-06-02T16:40:49Z,1000,56.0,52183,10.186,0.019,4087
2026-06-02T16:40:49Z,1000,56.0,52028,10.186,0.019,4098
2026-06-02T16:40:49Z,1000,56.0,50087,10.186,0.019,4086
2026-06-02T16:40:49Z,1000,56.0,49081,10.186,0.019,4086
2026-06-02T16:40:49Z,1000,55.0,48141,10.186,0.019,4092
2026-06-02T16:40:50Z,1000,55.0,51126,10.186,0.019,4098
2026-06-02T16:40:50Z,1000,56.0,53129,10.186,0.019,4107
2026-06-02T16:40:50Z,1000,56.0,54035,10.186,0.019,4111
2026-06-02T16:40:50Z,1000,56.0,48149,10.186,0.019,4101
2026-06-02T16:40:50Z,1000,56.0,47183,10.186,0.019,4087
2026-06-02T16:40:51Z,1000,55.0,47143,10.186,0.019,4096
2026-06-02T16:40:51Z,1000,56.0,47125,10.186,0.019,4095
2026-06-02T16:40:51Z,1000,56.0,49139,10.186,0.019,4070
2026-06-02T16:40:51Z,1000,56.0,52118,10.186,0.019,4057
2026-06-02T16:40:51Z,1000,56.0,48072,10.186,0.019,4065
2026-06-02T16:40:52Z,1000,56.0,50254,10.186,0.019,4062
2026-06-02T16:40:52Z,1000,55.0,49114,10.186,0.019,4057
2026-06-02T16:40:52Z,1000,56.0,51210,10.186,0.019,4049
2026-06-02T16:40:52Z,1000,56.0,48121,10.186,0.019,4061
2026-06-02T16:40:52Z,1000,55.0,48173,10.186,0.019,4067
2026-06-02T16:40:53Z,1000,56.0,50012,10.186,0.019,4066
2026-06-02T16:40:53Z,1000,56.0,50059,10.186,0.019,4055
2026-06-02T16:40:53Z,1000,56.0,49104,10.186,0.019,4041
2026-06-02T16:40:53Z,1000,56.0,53179,10.186,0.019,4045
2026-06-02T16:40:53Z,1000,56.0,53073,10.186,0.019,4045
2026-06-02T16:40:54Z,1000,56.0,54200,10.186,0.019,4046
2026-06-02T16:40:54Z,1000,55.0,53090,10.186,0.019,4041
2026-06-02T16:40:54Z,1000,56.0,49104,10.186,0.019,4043
2026-06-02T16:40:54Z,1000,56.0,49025,10.186,0.019,4045
2026-06-02T16:40:54Z,1000,55.0,51042,10.186,0.019,4048
2026-06-02T16:40:55Z,1000,55.0,47122,10.186,0.019,4047
2026-06-02T16:40:55Z,1000,56.0,53033,10.186,0.019,4056
2026-06-02T16:40:55Z,1000,56.0,52099,10.186,0.019,4048
2026-06-02T16:40:55Z,1000,55.0,48249,10.186,0.019,4076
2026-06-02T16:40:55Z,1000,56.0,53192,10.186,0.019,4083
2026-06-02T16:40:56Z,1000,56.0,50082,10.186,0.019,4099
2026-06-02T16:40:56Z,1000,56.0,49033,10.186,0.019,4082
2026-06-02T16:40:56Z,1000,56.0,51226,10.186,0.019,4087
2026-06-02T16:40:56Z,1000,56.0,48069,10.186,0.019,4077
2026-06-02T16:40:56Z,1000,55.0,47104,10.186,0.019,4069
2026-06-02T16:40:57Z,1000,56.0,53086,10.186,0.019,4074
2026-06-02T16:40:57Z,1000,56.0,52120,10.186,0.019,4079
2026-06-02T16:40:57Z,1000,56.0,49043,10.186,0.019,4063
2026-06-02T16:40:57Z,1000,56.0,50083,10.186,0.019,4062
2026-06-02T16:40:57Z,1000,55.0,49241,10.186,0.019,4086
2026-06-02T16:40:58Z,1000,56.0,47073,10.186,0.019,4071
2026-06-02T16:40:58Z,1000,56.0,57168,10.768,0.019,3581
2026-06-02T16:40:58Z,1000,59.0,64100,10.797,0.021,3459
2026-06-02T16:40:58Z,1500,59.0,64054,10.797,0.021,3454
2026-06-02T16:40:58Z,1500,60.0,65099,10.797,0.021,3448
2026-06-02T16:40:59Z,1500,69.0,111147,10.797,0.021,3446
2026-06-02T16:40:59Z,1500,71.0,109022,10.797,0.021,3446
2026-06-02T16:40:59Z,1500,70.0,108190,10.797,0.021,3450
2026-06-02T16:40:59Z,1500,73.0,106062,10.797,0.021,3451
2026-06-02T16:40:59Z,1500,72.0,106048,10.797,0.021,3447
2026-06-02T16:41:00Z,1500,74.0,108113,10.797,0.021,3447
2026-06-02T16:41:00Z,1500,73.0,105000,10.797,0.021,3447
2026-06-02T16:41:00Z,1500,74.0,0,10.797,0.021,3442
2026-06-02T16:41:00Z,1500,74.0,105151,10.797,0.021,3442
2026-06-02T16:41:00Z,1500,74.0,107071,10.797,0.021,3430
2026-06-02T16:41:01Z,1500,74.0,105130,10.797,0.021,3430
2026-06-02T16:41:01Z,1500,73.0,107038,10.797,0.021,3432
2026-06-02T16:41:01Z,1500,75.0,113027,10.797,0.021,3429
2026-06-02T16:41:01Z,1500,75.0,105246,10.797,0.021,3439
2026-06-02T16:41:01Z,1500,75.0,109204,10.797,0.021,3439
2026-06-02T16:41:02Z,1500,75.0,105093,10.797,0.021,3439
2026-06-02T16:41:02Z,1500,75.0,108205,10.797,0.021,3439
2026-06-02T16:41:02Z,1500,75.0,106070,10.797,0.021,3439
2026-06-02T16:41:02Z,1500,73.0,106083,10.797,0.021,3439
2026-06-02T16:41:02Z,1500,75.0,112000,10.797,0.021,3439
2026-06-02T16:41:03Z,1500,75.0,108109,10.797,0.021,3439
2026-06-02T16:41:03Z,1500,76.0,111147,10.797,0.021,3439
2026-06-02T16:41:03Z,1500,75.0,107184,10.797,0.021,3439
2026-06-02T16:41:03Z,1500,75.0,110211,10.797,0.021,3439
2026-06-02T16:41:03Z,1500,76.0,106173,10.797,0.021,3439
2026-06-02T16:41:04Z,1500,73.0,101238,10.797,0.021,3438
2026-06-02T16:41:04Z,1500,72.0,104044,10.797,0.021,3438
2026-06-02T16:41:04Z,1500,71.0,103095,10.797,0.021,3438
2026-06-02T16:41:04Z,1500,73.0,104146,10.797,0.021,3439
2026-06-02T16:41:04Z,1500,72.0,105178,10.797,0.021,3439
2026-06-02T16:41:05Z,1500,73.0,102188,10.797,0.021,3439
2026-06-02T16:41:05Z,1500,73.0,104193,10.797,0.021,3439
2026-06-02T16:41:05Z,1500,73.0,104222,10.797,0.021,3439
2026-06-02T16:41:05Z,1500,72.0,103154,10.797,0.021,3441
2026-06-02T16:41:05Z,1500,73.0,103195,10.797,0.021,3441
2026-06-02T16:41:06Z,1500,72.0,103100,10.797,0.021,3439
2026-06-02T16:41:06Z,1500,73.0,102009,10.797,0.021,3439
2026-06-02T16:41:06Z,1500,73.0,101252,10.797,0.021,3440
2026-06-02T16:41:06Z,1500,74.0,104255,10.797,0.021,3440
2026-06-02T16:41:06Z,1500,73.0,104161,10.797,0.021,3441
2026-06-02T16:41:07Z,1500,73.0,105189,10.797,0.021,3441
2026-06-02T16:41:07Z,1500,73.0,105124,10.797,0.021,3441
2026-06-02T16:41:07Z,1500,73.0,102231,10.797,0.021,3434
2026-06-02T16:41:07Z,1500,73.0,104199,10.797,0.021,3434
2026-06-02T16:41:07Z,1500,73.0,105139,10.797,0.021,3434
2026-06-02T16:41:08Z,1500,74.0,105238,10.797,0.021,3434
2026-06-02T16:41:08Z,1500,73.0,103206,10.797,0.021,3434
2026-06-02T16:41:08Z,1500,73.0,102162,10.797,0.021,3434
2026-06-02T16:41:08Z,1500,73.0,106172,10.797,0.021,3436
2026-06-02T16:41:08Z,1500,73.0,103211,10.797,0.021,3436
2026-06-02T16:41:09Z,1500,74.0,104152,10.797,0.021,3436
2026-06-02T16:41:09Z,1500,73.0,103195,10.797,0.021,3436
2026-06-02T16:41:09Z,1500,73.0,103065,10.797,0.021,3436
2026-06-02T16:41:09Z,1500,73.0,102245,10.797,0.021,3436
2026-06-02T16:41:09Z,1500,73.0,106148,10.797,0.021,3435
2026-06-02T16:41:10Z,1500,73.0,104100,10.797,0.021,3436
2026-06-02T16:41:10Z,1500,74.0,104032,10.797,0.021,3437
2026-06-02T16:41:10Z,1500,73.0,105022,10.797,0.021,3437
2026-06-02T16:41:10Z,1500,73.0,105072,10.797,0.021,3437
2026-06-02T16:41:10Z,1500,74.0,105229,10.797,0.021,3437
2026-06-02T16:41:11Z,1500,74.0,104175,10.797,0.021,3437
2026-06-02T16:41:11Z,1500,74.0,105115,10.797,0.021,3437
2026-06-02T16:41:11Z,1500,74.0,106049,10.797,0.021,3437
2026-06-02T16:41:11Z,1500,73.0,105146,10.797,0.021,3438
2026-06-02T16:41:11Z,1500,73.0,105087,10.797,0.021,3438
2026-06-02T16:41:12Z,1500,73.0,104001,10.797,0.021,3438
2026-06-02T16:41:12Z,1500,73.0,104103,10.797,0.021,3438
2026-06-02T16:41:12Z,1500,74.0,104221,10.797,0.021,3438
2026-06-02T16:41:12Z,1500,74.0,104080,10.797,0.021,3438
2026-06-02T16:41:12Z,1500,74.0,104229,10.797,0.021,3438
2026-06-02T16:41:13Z,1500,74.0,103208,10.797,0.021,3438
2026-06-02T16:41:13Z,1500,73.0,105236,10.797,0.021,3438
2026-06-02T16:41:13Z,1500,74.0,106206,10.797,0.021,3438
2026-06-02T16:41:13Z,1500,74.0,106117,10.797,0.021,3438
2026-06-02T16:41:13Z,1500,74.0,107185,10.797,0.021,3439
2026-06-02T16:41:14Z,1500,74.0,103151,10.797,0.021,3439
2026-06-02T16:41:14Z,1500,74.0,103161,10.797,0.021,3439
2026-06-02T16:41:14Z,1500,65.0,78025,6.263,0.012,3491
2026-06-02T16:41:14Z,1500,64.0,66094,0.013,0.010,3501
2026-06-02T16:41:14Z,1500,63.0,65147,0.013,0.010,3484
2026-06-02T16:41:15Z,1500,64.0,66022,0.012,0.009,3496
2026-06-02T16:41:15Z,1500,63.0,64244,0.012,0.009,3497
2026-06-02T16:41:15Z,1000,61.0,47229,0.012,0.009,3497
2026-06-02T16:41:15Z,1000,60.0,47208,0.012,0.009,3497
2026-06-02T16:41:15Z,1000,60.0,47179,0.012,0.009,3497
2026-06-02T16:41:16Z,1000,60.0,49218,0.012,0.009,3508
2026-06-02T16:41:16Z,1000,60.0,47134,0.012,0.009,3509
2026-06-02T16:41:16Z,1000,59.0,47140,0.012,0.009,3509
2026-06-02T16:41:16Z,1000,59.0,47141,0.012,0.009,3509
2026-06-02T16:41:16Z,1000,58.0,47138,0.012,0.009,3509
2026-06-02T16:41:17Z,1000,59.0,47134,0.012,0.009,3520
2026-06-02T16:41:17Z,1000,59.0,47130,0.012,0.009,3520
2026-06-02T16:41:17Z,1000,58.0,47122,0.012,0.009,3519
2026-06-02T16:41:17Z,1000,60.0,47114,0.012,0.009,3519
2026-06-02T16:41:17Z,1000,59.0,47131,0.012,0.009,3519
2026-06-02T16:41:18Z,1000,59.0,47132,0.012,0.009,3519
2026-06-02T16:41:18Z,1000,59.0,47118,0.012,0.009,3519
2026-06-02T16:41:18Z,1000,59.0,47115,0.012,0.009,3519
2026-06-02T16:41:18Z,1000,59.0,47133,0.012,0.009,3519
2026-06-02T16:41:18Z,1000,59.0,47140,0.012,0.009,3519
2026-06-02T16:41:19Z,1000,59.0,47119,0.012,0.009,3519
2026-06-02T16:41:19Z,1000,59.0,47107,0.012,0.009,3519
2026-06-02T16:41:19Z,1000,59.0,47097,0.012,0.009,3519
2026-06-02T16:41:19Z,1000,59.0,47132,0.012,0.009,3520
2026-06-02T16:41:19Z,1000,59.0,47123,0.012,0.009,3520
2026-06-02T16:41:20Z,1000,59.0,47128,0.012,0.009,3520
2026-06-02T16:41:20Z,1000,58.0,47119,0.012,0.009,3519
2026-06-02T16:41:20Z,1000,58.0,47108,0.012,0.009,3520
2026-06-02T16:41:20Z,1000,59.0,47116,0.012,0.009,3523
2026-06-02T16:41:20Z,1000,58.0,47119,0.012,0.009,3523
2026-06-02T16:41:21Z,1000,58.0,47097,0.012,0.009,3523
2026-06-02T16:41:21Z,1000,59.0,47098,0.012,0.009,3523
2026-06-02T16:41:21Z,1000,58.0,47097,0.012,0.009,3523
2026-06-02T16:41:21Z,1000,58.0,47095,0.012,0.009,3525
2026-06-02T16:41:21Z,1000,58.0,47095,0.012,0.009,3525
2026-06-02T16:41:22Z,1000,58.0,47104,0.012,0.009,3525
2026-06-02T16:41:22Z,1000,59.0,47086,0.012,0.009,3525
2026-06-02T16:41:22Z,1000,59.0,47102,0.012,0.009,3525
2026-06-02T16:41:22Z,1000,58.0,47115,0.012,0.009,3527
2026-06-02T16:41:22Z,1000,58.0,47112,0.012,0.009,3528
2026-06-02T16:41:23Z,1000,58.0,47092,0.012,0.009,3528
2026-06-02T16:41:23Z,1000,58.0,47089,0.012,0.009,3531
2026-06-02T16:41:23Z,1000,58.0,47100,0.012,0.009,3531
2026-06-02T16:41:23Z,1000,58.0,47125,0.012,0.009,3533
2026-06-02T16:41:23Z,1000,58.0,47109,0.012,0.009,3533
2026-06-02T16:41:24Z,1000,58.0,47115,0.012,0.009,3533
2026-06-02T16:41:24Z,1000,58.0,47105,0.012,0.009,3533
2026-06-02T16:41:24Z,1000,58.0,47098,0.012,0.009,3534
2026-06-02T16:41:24Z,1000,58.0,47114,0.012,0.009,3535
2026-06-02T16:41:24Z,1000,58.0,47099,0.012,0.009,3535
2026-06-02T16:41:25Z,1000,58.0,47104,0.012,0.009,3535
2026-06-02T16:41:25Z,1000,58.0,47114,0.012,0.009,3534
2026-06-02T16:41:25Z,1000,57.0,47120,0.012,0.009,3536
2026-06-02T16:41:25Z,1000,58.0,47085,0.012,0.009,3536
2026-06-02T16:41:25Z,1000,58.0,47092,0.012,0.009,3536
2026-06-02T16:41:26Z,1000,58.0,47096,0.012,0.009,3536
2026-06-02T16:41:26Z,1000,58.0,47083,0.012,0.009,3536
2026-06-02T16:41:26Z,1000,58.0,47097,0.012,0.009,3536
2026-06-02T16:41:26Z,1000,58.0,47089,0.012,0.009,3538
2026-06-02T16:41:26Z,1000,58.0,47078,0.012,0.009,3538
2026-06-02T16:41:27Z,1000,58.0,47081,0.012,0.009,3538
2026-06-02T16:41:27Z,1000,58.0,47108,0.012,0.009,3538
2026-06-02T16:41:27Z,1000,58.0,47083,0.012,0.009,3539
2026-06-02T16:41:27Z,1000,58.0,47092,0.012,0.009,3539
2026-06-02T16:41:27Z,1000,58.0,47105,0.012,0.009,3539
2026-06-02T16:41:28Z,1000,57.0,47079,0.012,0.009,3539
2026-06-02T16:41:28Z,1000,57.0,47094,0.012,0.009,3539
2026-06-02T16:41:28Z,1000,58.0,47078,0.012,0.009,3539
2026-06-02T16:41:28Z,1000,58.0,47089,0.012,0.009,3540
2026-06-02T16:41:28Z,1000,57.0,47109,0.012,0.009,3540
2026-06-02T16:41:29Z,1000,57.0,47091,0.012,0.009,3540
2026-06-02T16:41:29Z,1000,57.0,47097,0.012,0.009,3540
2026-06-02T16:41:29Z,1000,57.0,47101,0.012,0.009,3541
2026-06-02T16:41:29Z,1000,57.0,47073,0.012,0.009,3541
2026-06-02T16:41:29Z,1000,58.0,47081,0.012,0.009,3541
2026-06-02T16:41:30Z,1000,57.0,47066,0.012,0.009,3541
2026-06-02T16:41:30Z,1000,57.0,47101,0.012,0.009,3541
2026-06-02T16:41:30Z,1000,57.0,47090,0.012,0.009,3541
2026-06-02T16:41:30Z,1000,57.0,47084,0.012,0.009,3540
2026-06-02T16:41:30Z,1000,57.0,47114,0.012,0.009,3541
2026-06-02T16:41:31Z,1000,57.0,47104,0.012,0.009,3541
2026-06-02T16:41:31Z,1000,58.0,47105,0.012,0.009,3541
2026-06-02T16:41:31Z,1000,57.0,47088,0.012,0.009,3541
2026-06-02T16:41:31Z,1000,57.0,47084,0.012,0.009,3541
2026-06-02T16:41:31Z,1000,58.0,47102,0.012,0.009,3541
2026-06-02T16:41:32Z,1000,57.0,47065,0.012,0.009,3541
2026-06-02T16:41:32Z,1000,57.0,47089,0.012,0.009,3540
2026-06-02T16:41:32Z,1000,57.0,47068,0.012,0.009,3541
2026-06-02T16:41:32Z,1000,57.0,47074,0.012,0.009,3540
2026-06-02T16:41:32Z,1000,57.0,47074,0.012,0.009,3540
2026-06-02T16:41:33Z,1000,56.0,47090,0.012,0.009,3541
2026-06-02T16:41:33Z,1000,57.0,47071,0.012,0.009,3541
2026-06-02T16:41:33Z,1000,57.0,47073,0.012,0.009,3541
2026-06-02T16:41:33Z,1000,57.0,47086,0.012,0.009,3541
2026-06-02T16:41:33Z,1000,57.0,47102,0.012,0.009,3541
2026-06-02T16:41:34Z,1000,57.0,47075,0.012,0.009,3541
2026-06-02T16:41:34Z,1000,57.0,47082,0.012,0.009,3541
2026-06-02T16:41:34Z,1000,57.0,47057,0.012,0.009,3541
2026-06-02T16:41:34Z,1000,57.0,47025,0.012,0.009,3541
2026-06-02T16:41:34Z,1000,56.0,47080,0.012,0.009,3541
2026-06-02T16:41:35Z,1000,56.0,47057,0.012,0.009,3541
2026-06-02T16:41:35Z,1000,57.0,47086,0.012,0.009,3541
2026-06-02T16:41:35Z,1000,57.0,47059,0.012,0.009,3541
2026-06-02T16:41:35Z,1000,56.0,47077,0.012,0.009,3541
2026-06-02T16:41:35Z,1000,56.0,47100,0.012,0.009,3542
2026-06-02T16:41:36Z,1000,57.0,47067,0.012,0.009,3542
2026-06-02T16:41:36Z,1000,57.0,47057,0.012,0.009,3542
2026-06-02T16:41:36Z,1000,57.0,47069,0.012,0.009,3542
2026-06-02T16:41:36Z,1000,58.0,47056,0.012,0.009,3542
2026-06-02T16:41:36Z,1000,56.0,47067,0.012,0.009,3542
2026-06-02T16:41:37Z,1000,56.0,47035,0.012,0.009,3542
2026-06-02T16:41:37Z,1000,56.0,47059,0.012,0.009,3542
2026-06-02T16:41:37Z,1000,56.0,47090,0.012,0.009,3542
2026-06-02T16:41:37Z,1000,57.0,47055,0.012,0.009,3542
2026-06-02T16:41:37Z,1000,57.0,47064,0.012,0.009,3542
2026-06-02T16:41:38Z,1000,57.0,47075,0.012,0.009,3542
2026-06-02T16:41:38Z,1000,57.0,47035,0.012,0.009,3542
2026-06-02T16:41:38Z,1000,56.0,47054,0.012,0.009,3542
2026-06-02T16:41:38Z,1000,57.0,47086,0.012,0.009,3542
2026-06-02T16:41:38Z,1000,57.0,47062,0.012,0.009,3542
2026-06-02T16:41:39Z,1000,56.0,47028,0.012,0.009,3542
2026-06-02T16:41:39Z,1000,56.0,47043,0.012,0.009,3542
2026-06-02T16:41:39Z,1000,57.0,47064,0.012,0.009,3542
2026-06-02T16:41:39Z,1000,57.0,47041,0.012,0.009,3542
2026-06-02T16:41:39Z,1000,57.0,47078,0.012,0.009,3542
2026-06-02T16:41:40Z,1000,56.0,47053,0.012,0.009,3542
2026-06-02T16:41:40Z,1000,57.0,47066,0.012,0.009,3545
2026-06-02T16:41:40Z,1000,57.0,47088,0.012,0.009,3545
2026-06-02T16:41:40Z,1000,55.0,47066,0.012,0.009,3545
2026-06-02T16:41:40Z,1000,57.0,47066,0.012,0.009,3545
2026-06-02T16:41:41Z,1000,57.0,47124,0.012,0.009,3544
2026-06-02T16:41:41Z,1000,57.0,47031,0.012,0.009,3545
2026-06-02T16:41:41Z,1000,56.0,47079,0.012,0.009,3545
2026-06-02T16:41:41Z,1000,57.0,47028,0.012,0.009,3545
2026-06-02T16:41:41Z,1000,56.0,47078,0.012,0.009,3545
2026-06-02T16:41:42Z,1000,57.0,47044,0.012,0.009,3545
2026-06-02T16:41:42Z,1000,56.0,47050,0.012,0.009,3545
2026-06-02T16:41:42Z,1000,56.0,47079,0.012,0.009,3545
2026-06-02T16:41:42Z,1000,57.0,47003,0.012,0.009,3545
2026-06-02T16:41:42Z,1000,56.0,47080,0.012,0.009,3545
2026-06-02T16:41:43Z,1000,56.0,47067,0.012,0.009,3545
2026-06-02T16:41:43Z,1000,57.0,47043,0.012,0.009,3545
2026-06-02T16:41:43Z,1000,56.0,47053,0.012,0.009,3545
2026-06-02T16:41:43Z,1000,56.0,47065,0.012,0.009,3549
2026-06-02T16:41:43Z,1000,57.0,46233,0.012,0.009,3549
2026-06-02T16:41:44Z,1000,57.0,47023,0.012,0.009,3549
2026-06-02T16:41:44Z,1000,55.0,47062,0.012,0.009,3549
2026-06-02T16:41:44Z,1000,57.0,47076,0.012,0.009,3549
2026-06-02T16:41:44Z,1000,57.0,47048,0.012,0.009,3549
2026-06-02T16:41:44Z,1000,56.0,47079,0.012,0.009,3549
2026-06-02T16:41:45Z,1000,57.0,47082,0.012,0.009,3549
2026-06-02T16:41:45Z,1000,56.0,47045,0.012,0.009,3549
2026-06-02T16:41:45Z,1000,56.0,47094,0.012,0.009,3549
2026-06-02T16:41:45Z,1000,56.0,52069,0.012,0.009,3539
2026-06-02T16:41:45Z,1000,56.0,52106,0.012,0.009,3554
2026-06-02T16:41:46Z,1000,56.0,50021,0.012,0.009,3469
2026-06-02T16:41:46Z,1000,57.0,55003,0.012,0.009,3541
2026-06-02T16:41:46Z,1000,57.0,52099,0.012,0.009,3525
2026-06-02T16:41:46Z,1000,57.0,48092,0.012,0.009,3523
2026-06-02T16:41:46Z,1000,56.0,50244,0.012,0.009,3509
2026-06-02T16:41:47Z,1000,56.0,47206,0.012,0.009,3532
2026-06-02T16:41:47Z,1000,56.0,47237,0.012,0.009,3528
2026-06-02T16:41:47Z,1000,57.0,47190,0.012,0.009,3516
2026-06-02T16:41:47Z,1000,57.0,49040,0.012,0.009,3504
2026-06-02T16:41:47Z,1000,56.0,50013,0.012,0.009,3475
2026-06-02T16:41:48Z,1000,57.0,51118,0.012,0.009,3470
2026-06-02T16:41:48Z,1000,56.0,50170,0.012,0.009,3455
2026-06-02T16:41:48Z,1000,56.0,49104,0.012,0.009,3464
2026-06-02T16:41:48Z,1000,56.0,54240,0.012,0.009,5509
2026-06-02T16:41:48Z,1000,57.0,47183,0.012,0.009,6471
2026-06-02T16:41:49Z,1000,56.0,47191,0.012,0.009,6457
2026-06-02T16:41:49Z,1000,57.0,47180,0.012,0.009,6453
2026-06-02T16:41:49Z,1000,56.0,0,0.012,0.009,6457
2026-06-02T16:41:49Z,1000,56.0,47200,0.012,0.009,6452
2026-06-02T16:41:49Z,1000,56.0,47175,0.012,0.009,6450
2026-06-02T16:41:50Z,1000,57.0,48055,0.012,0.009,6452
2026-06-02T16:41:50Z,1000,57.0,47200,0.012,0.009,6459
2026-06-02T16:41:50Z,1000,57.0,47182,0.012,0.009,6458
2026-06-02T16:41:50Z,1000,57.0,47232,0.012,0.009,6458
2026-06-02T16:41:50Z,1000,56.0,47242,0.012,0.009,6460
2026-06-02T16:41:51Z,1000,56.0,48010,0.012,0.009,6456
2026-06-02T16:41:51Z,1000,56.0,47222,0.012,0.009,6451
2026-06-02T16:41:51Z,1000,56.0,47148,0.012,0.009,6448
2026-06-02T16:41:51Z,1000,56.0,47176,0.012,0.009,6456
2026-06-02T16:41:51Z,1000,56.0,47253,0.012,0.009,6500
2026-06-02T16:41:52Z,1000,56.0,47182,0.012,0.009,6359
2026-06-02T16:41:52Z,1000,57.0,47201,0.012,0.009,6360
2026-06-02T16:41:52Z,1000,56.0,47185,0.012,0.009,8081
2026-06-02T16:41:52Z,1000,56.0,47175,0.012,0.009,8090
2026-06-02T16:41:52Z,1000,56.0,47207,0.012,0.009,8069
2026-06-02T16:41:53Z,1000,56.0,47201,0.012,0.009,8072
2026-06-02T16:41:53Z,1000,56.0,47211,0.012,0.009,8074
2026-06-02T16:41:53Z,1000,56.0,47243,0.012,0.009,8069
2026-06-02T16:41:53Z,1000,56.0,47239,0.012,0.009,8069
2026-06-02T16:41:53Z,1000,56.0,47241,0.012,0.009,8077
2026-06-02T16:41:54Z,1000,56.0,47177,0.012,0.009,8076
2026-06-02T16:41:54Z,1000,56.0,47193,0.012,0.009,8087
2026-06-02T16:41:54Z,1000,56.0,47223,0.012,0.009,8226
2026-06-02T16:41:54Z,1000,55.0,47251,0.012,0.009,8380
2026-06-02T16:41:54Z,1000,56.0,47230,0.012,0.009,8379
2026-06-02T16:41:55Z,1000,56.0,48084,0.012,0.009,8859
2026-06-02T16:41:55Z,1000,56.0,48210,0.012,0.009,8859
2026-06-02T16:41:55Z,1000,56.0,49152,0.012,0.009,9119
2026-06-02T16:41:55Z,1000,56.0,49033,0.012,0.009,9116
2026-06-02T16:41:55Z,1000,56.0,48030,0.012,0.009,9181
2026-06-02T16:41:56Z,1000,56.0,48132,0.012,0.009,9443
2026-06-02T16:41:56Z,1000,56.0,48094,0.012,0.009,9699
2026-06-02T16:41:56Z,1000,55.0,48000,0.012,0.009,9695
2026-06-02T16:41:56Z,1000,56.0,47232,0.012,0.009,9995
2026-06-02T16:41:56Z,1000,56.0,47234,0.012,0.009,9981
2026-06-02T16:41:57Z,1000,56.0,47207,0.012,0.009,10266
2026-06-02T16:41:57Z,1000,55.0,49003,0.012,0.009,10523
2026-06-02T16:41:57Z,1000,56.0,47178,0.012,0.009,10530
2026-06-02T16:41:57Z,1000,56.0,48065,0.012,0.009,10942
2026-06-02T16:41:57Z,1000,56.0,48060,0.012,0.009,10939
2026-06-02T16:41:58Z,1000,56.0,47207,0.012,0.009,11053
2026-06-02T16:41:58Z,1000,56.0,47210,0.012,0.009,11173
2026-06-02T16:41:58Z,1000,56.0,56040,1.993,0.011,11714
2026-06-02T16:41:58Z,1000,56.0,55093,3.935,0.014,10804
2026-06-02T16:41:58Z,1000,56.0,53079,3.935,0.014,10796
2026-06-02T16:41:59Z,1000,56.0,53095,3.935,0.014,10793
2026-06-02T16:41:59Z,1000,56.0,53094,3.935,0.014,10789
2026-06-02T16:41:59Z,1000,56.0,53065,3.935,0.014,10785
2026-06-02T16:41:59Z,1000,56.0,53115,3.935,0.014,10780
2026-06-02T16:41:59Z,1000,57.0,53065,3.935,0.014,10777
2026-06-02T16:42:00Z,1000,56.0,53115,3.935,0.014,10763
2026-06-02T16:42:00Z,1000,56.0,52210,3.935,0.014,10742
2026-06-02T16:42:00Z,1000,56.0,53104,3.935,0.014,10430
2026-06-02T16:42:00Z,1000,56.0,56136,4.916,0.016,10058
2026-06-02T16:42:00Z,1000,57.0,53239,4.916,0.016,9396
2026-06-02T16:42:01Z,1000,56.0,58143,5.877,0.018,8723
2026-06-02T16:42:01Z,1000,56.0,56237,6.858,0.020,8043
2026-06-02T16:42:01Z,1000,56.0,53013,6.858,0.020,7420
2026-06-02T16:42:01Z,1000,56.0,55031,7.819,0.022,6487
2026-06-02T16:42:01Z,1000,56.0,55030,8.799,0.023,5726
2026-06-02T16:42:02Z,1000,56.0,55112,9.761,0.025,5197
2026-06-02T16:42:02Z,1000,56.0,51233,9.761,0.025,4554
2026-06-02T16:42:02Z,1000,56.0,53146,10.186,0.027,4094
2026-06-02T16:42:02Z,1000,56.0,49025,10.186,0.027,4062
2026-06-02T16:42:02Z,1000,56.0,50214,10.186,0.027,4118
2026-06-02T16:42:03Z,1000,56.0,51146,10.186,0.027,4106
2026-06-02T16:42:03Z,1000,56.0,50157,10.186,0.027,4133
2026-06-02T16:42:03Z,1000,56.0,50180,10.186,0.027,4123
2026-06-02T16:42:03Z,1000,56.0,55216,10.186,0.027,4119
2026-06-02T16:42:03Z,1000,56.0,50242,10.186,0.027,4116
2026-06-02T16:42:04Z,1000,56.0,50066,10.186,0.027,4117
2026-06-02T16:42:04Z,1000,56.0,49033,10.186,0.027,4118
2026-06-02T16:42:04Z,1000,56.0,48036,10.186,0.027,4104
2026-06-02T16:42:04Z,1000,56.0,51103,10.186,0.027,4091
2026-06-02T16:42:04Z,1000,56.0,48147,10.186,0.027,4075
2026-06-02T16:42:05Z,1000,56.0,48038,10.186,0.027,4078
2026-06-02T16:42:05Z,1000,55.0,47198,10.186,0.027,4079
2026-06-02T16:42:05Z,1000,55.0,48231,10.186,0.027,4072
2026-06-02T16:42:05Z,1000,56.0,48198,10.186,0.027,4070
2026-06-02T16:42:05Z,1000,56.0,48248,10.186,0.027,4081
2026-06-02T16:42:06Z,1000,56.0,48199,10.186,0.027,4094
2026-06-02T16:42:06Z,1000,57.0,50190,10.186,0.027,4080
2026-06-02T16:42:06Z,1000,56.0,49180,10.186,0.027,4088
2026-06-02T16:42:06Z,1000,56.0,50221,10.186,0.027,4087
2026-06-02T16:42:06Z,1000,56.0,50110,10.186,0.027,4078
2026-06-02T16:42:07Z,1000,56.0,49085,10.186,0.027,4073
2026-06-02T16:42:07Z,1000,55.0,50038,10.186,0.027,4071
2026-06-02T16:42:07Z,1000,56.0,47209,10.186,0.027,4072
2026-06-02T16:42:07Z,1000,56.0,47194,10.186,0.027,4071
2026-06-02T16:42:07Z,1000,56.0,53066,10.186,0.027,4052
2026-06-02T16:42:08Z,1000,56.0,51088,10.186,0.027,4122
2026-06-02T16:42:08Z,1000,57.0,51023,10.186,0.027,4112
2026-06-02T16:42:08Z,1000,56.0,49194,10.186,0.027,4103
2026-06-02T16:42:08Z,1000,56.0,49134,10.186,0.027,4100
2026-06-02T16:42:08Z,1000,56.0,51206,10.186,0.027,4102
2026-06-02T16:42:09Z,1000,56.0,51236,10.186,0.027,4091
2026-06-02T16:42:09Z,1000,56.0,49253,10.186,0.027,4093
2026-06-02T16:42:09Z,1000,56.0,50001,10.186,0.027,4099
2026-06-02T16:42:09Z,1000,56.0,50059,10.186,0.027,4095
2026-06-02T16:42:09Z,1000,56.0,48070,10.186,0.027,4093
2026-06-02T16:42:10Z,1000,56.0,48137,10.186,0.027,4097
2026-06-02T16:42:10Z,1000,56.0,50177,10.186,0.027,4096
2026-06-02T16:42:10Z,1000,56.0,51017,10.186,0.027,4102
2026-06-02T16:42:10Z,1000,56.0,50032,10.186,0.027,4102
2026-06-02T16:42:10Z,1000,57.0,48237,10.186,0.027,4091
2026-06-02T16:42:11Z,1000,56.0,49163,10.186,0.027,4111
2026-06-02T16:42:11Z,1000,56.0,48097,10.186,0.027,4123
2026-06-02T16:42:11Z,1000,56.0,50215,10.186,0.027,4077
2026-06-02T16:42:11Z,1000,56.0,53177,10.186,0.027,4090
2026-06-02T16:42:11Z,1000,56.0,48116,10.186,0.027,4110
2026-06-02T16:42:12Z,1000,56.0,52120,10.186,0.027,4089
2026-06-02T16:42:12Z,1000,57.0,47248,10.186,0.027,4084
2026-06-02T16:42:12Z,1000,56.0,49143,10.186,0.027,4074
2026-06-02T16:42:12Z,1000,57.0,47103,10.186,0.027,4071
2026-06-02T16:42:12Z,1000,56.0,47212,10.186,0.027,4059
2026-06-02T16:42:13Z,1000,56.0,51034,10.186,0.027,4050
2026-06-02T16:42:13Z,1000,56.0,50167,10.186,0.027,4051
2026-06-02T16:42:13Z,1000,56.0,50219,10.186,0.027,4060
2026-06-02T16:42:13Z,1000,56.0,51022,10.186,0.027,4058
2026-06-02T16:42:13Z,1000,56.0,49183,10.186,0.027,4057
2026-06-02T16:42:14Z,1000,56.0,50116,10.186,0.027,4100
2026-06-02T16:42:14Z,1000,56.0,51044,10.186,0.027,4112
2026-06-02T16:42:14Z,1000,56.0,53142,10.186,0.027,4085
2026-06-02T16:42:14Z,1000,56.0,52022,10.186,0.027,4071
2026-06-02T16:42:14Z,1000,56.0,51098,10.186,0.027,4063
2026-06-02T16:42:15Z,1000,55.0,50110,10.186,0.027,4091
2026-06-02T16:42:15Z,1000,55.0,51142,10.186,0.027,4080
2026-06-02T16:42:15Z,1000,57.0,48031,10.186,0.027,4096
2026-06-02T16:42:15Z,1000,56.0,48115,10.186,0.027,4101
2026-06-02T16:42:15Z,1000,56.0,48175,10.186,0.027,4096
2026-06-02T16:42:16Z,1000,55.0,51030,10.186,0.027,4085
2026-06-02T16:42:16Z,1000,56.0,51106,10.186,0.027,4100
2026-06-02T16:42:16Z,1000,56.0,49162,10.186,0.027,4094
2026-06-02T16:42:16Z,1000,57.0,51103,10.186,0.027,4077
2026-06-02T16:42:16Z,1000,56.0,47216,10.186,0.027,4099
2026-06-02T16:42:17Z,1000,56.0,52128,10.768,0.028,3634
2026-06-02T16:42:17Z,1000,56.0,54052,10.796,0.029,3445
2026-06-02T16:42:17Z,1500,61.0,64220,10.797,0.029,3439
2026-06-02T16:42:17Z,1500,60.0,64165,10.797,0.029,3431
2026-06-02T16:42:17Z,1500,64.0,94064,10.797,0.029,3460
2026-06-02T16:42:18Z,1500,73.0,109056,10.797,0.029,3460
2026-06-02T16:42:18Z,1500,73.0,105114,10.797,0.029,3460
2026-06-02T16:42:18Z,1500,74.0,110226,10.797,0.029,3460
2026-06-02T16:42:18Z,1500,74.0,108190,10.797,0.029,3460
2026-06-02T16:42:18Z,1500,74.0,106005,10.797,0.029,3460
2026-06-02T16:42:19Z,1500,75.0,109140,10.797,0.029,3460
2026-06-02T16:42:19Z,1500,74.0,101158,10.797,0.029,3460
2026-06-02T16:42:19Z,1500,75.0,109159,10.797,0.029,3460
2026-06-02T16:42:19Z,1500,73.0,102069,10.797,0.029,3460
2026-06-02T16:42:19Z,1500,75.0,109020,10.797,0.029,3460
2026-06-02T16:42:20Z,1500,75.0,103013,10.797,0.029,3459
2026-06-02T16:42:20Z,1500,75.0,108227,10.797,0.029,3461
2026-06-02T16:42:20Z,1500,75.0,108027,10.797,0.029,3462
2026-06-02T16:42:20Z,1500,75.0,108020,10.797,0.029,3462
2026-06-02T16:42:20Z,1500,75.0,109151,10.797,0.029,3459
2026-06-02T16:42:21Z,1500,75.0,104142,10.797,0.029,3459
2026-06-02T16:42:21Z,1500,75.0,109162,10.797,0.029,3459
2026-06-02T16:42:21Z,1500,73.0,99001,10.797,0.029,3459
2026-06-02T16:42:21Z,1500,75.0,109125,10.797,0.029,3459
2026-06-02T16:42:21Z,1500,76.0,107247,10.797,0.029,3459
2026-06-02T16:42:22Z,1500,76.0,111095,10.797,0.029,3459
2026-06-02T16:42:22Z,1500,76.0,112022,10.797,0.029,3459
2026-06-02T16:42:22Z,1500,75.0,107093,10.797,0.029,3459
2026-06-02T16:42:22Z,1500,76.0,111252,10.797,0.029,3455
2026-06-02T16:42:22Z,1500,73.0,103217,10.797,0.030,3451
2026-06-02T16:42:23Z,1500,73.0,103202,10.797,0.030,3451
2026-06-02T16:42:23Z,1500,73.0,103023,10.797,0.030,3451
2026-06-02T16:42:23Z,1500,73.0,102106,10.797,0.030,3451
2026-06-02T16:42:23Z,1500,72.0,105250,10.797,0.030,3451
2026-06-02T16:42:23Z,1500,72.0,103009,10.797,0.030,3451
2026-06-02T16:42:24Z,1500,72.0,103163,10.797,0.030,3451
2026-06-02T16:42:24Z,1500,73.0,105188,10.797,0.030,3451
2026-06-02T16:42:24Z,1500,73.0,105197,10.797,0.030,3451
2026-06-02T16:42:24Z,1500,73.0,102205,10.797,0.030,3452
2026-06-02T16:42:24Z,1500,73.0,103148,10.797,0.030,3452
2026-06-02T16:42:25Z,1500,73.0,105145,10.797,0.030,3452
2026-06-02T16:42:25Z,1500,73.0,102163,10.797,0.030,3451
2026-06-02T16:42:25Z,1500,73.0,105090,10.797,0.030,3452
2026-06-02T16:42:25Z,1500,73.0,103087,10.797,0.030,3452
2026-06-02T16:42:25Z,1500,73.0,105033,10.797,0.030,3452
2026-06-02T16:42:26Z,1500,71.0,82009,10.797,0.030,3444
2026-06-02T16:42:26Z,1500,73.0,106168,10.797,0.030,3444
2026-06-02T16:42:26Z,1500,73.0,104043,10.797,0.030,3444
2026-06-02T16:42:26Z,1500,73.0,105023,10.797,0.030,3445
2026-06-02T16:42:26Z,1500,73.0,103080,10.797,0.030,3445
2026-06-02T16:42:27Z,1500,73.0,103137,10.797,0.030,3445
2026-06-02T16:42:27Z,1500,73.0,105241,10.797,0.030,3442
2026-06-02T16:42:27Z,1500,74.0,103233,10.797,0.030,3442
2026-06-02T16:42:27Z,1500,74.0,103190,10.797,0.030,3442
2026-06-02T16:42:27Z,1500,73.0,104130,10.797,0.030,3442
2026-06-02T16:42:28Z,1500,73.0,102237,10.797,0.030,3442
2026-06-02T16:42:28Z,1500,72.0,101254,10.797,0.030,3442
2026-06-02T16:42:28Z,1500,74.0,108033,10.797,0.030,3443
2026-06-02T16:42:28Z,1500,73.0,103079,10.797,0.030,3443
2026-06-02T16:42:28Z,1500,74.0,102226,10.797,0.030,3443
2026-06-02T16:42:29Z,1500,74.0,102199,10.797,0.030,3444
2026-06-02T16:42:29Z,1500,73.0,106075,10.797,0.030,3442
2026-06-02T16:42:29Z,1500,74.0,103189,10.797,0.030,3442
2026-06-02T16:42:29Z,1500,73.0,104248,10.797,0.030,3442
2026-06-02T16:42:29Z,1500,74.0,100037,10.797,0.030,3442
2026-06-02T16:42:30Z,1500,74.0,100197,10.797,0.030,3442
2026-06-02T16:42:30Z,1500,74.0,104035,10.797,0.030,3442
2026-06-02T16:42:30Z,1500,75.0,102013,10.797,0.030,3441
2026-06-02T16:42:30Z,1500,74.0,105182,10.797,0.030,3442
2026-06-02T16:42:30Z,1500,74.0,107079,10.797,0.030,3435
2026-06-02T16:42:31Z,1500,73.0,107016,10.797,0.030,3435
2026-06-02T16:42:31Z,1500,74.0,105155,10.797,0.030,3435
2026-06-02T16:42:31Z,1500,74.0,104183,10.797,0.030,3435
2026-06-02T16:42:31Z,1500,73.0,104025,10.797,0.030,3435
2026-06-02T16:42:31Z,1500,73.0,106008,10.797,0.030,3435
2026-06-02T16:42:32Z,1500,74.0,103042,10.797,0.030,3435
2026-06-02T16:42:32Z,1500,75.0,107175,10.797,0.030,3435
2026-06-02T16:42:32Z,1500,74.0,109035,10.797,0.030,3435
2026-06-02T16:42:32Z,1500,74.0,106214,10.797,0.030,3435
2026-06-02T16:42:32Z,1500,74.0,104221,10.797,0.030,3435
2026-06-02T16:42:33Z,1500,74.0,103246,10.797,0.030,3435
2026-06-02T16:42:33Z,1500,67.0,71146,10.186,0.026,3464
2026-06-02T16:42:33Z,1500,65.0,71061,5.283,0.017,3488
2026-06-02T16:42:33Z,1500,65.0,65070,0.013,0.010,3508
2026-06-02T16:42:33Z,1500,63.0,65101,0.013,0.010,3487
2026-06-02T16:42:34Z,1500,64.0,70253,0.013,0.010,3461
2026-06-02T16:42:34Z,1000,63.0,50003,0.012,0.009,3502
2026-06-02T16:42:34Z,1000,61.0,47189,0.012,0.009,3502
2026-06-02T16:42:34Z,1000,60.0,47228,0.012,0.009,3502
2026-06-02T16:42:34Z,1000,59.0,47144,0.012,0.009,3505
2026-06-02T16:42:35Z,1000,59.0,47156,0.012,0.009,3505
2026-06-02T16:42:35Z,1000,60.0,47245,0.012,0.009,3505
2026-06-02T16:42:35Z,1000,59.0,47107,0.012,0.009,3505
2026-06-02T16:42:35Z,1000,59.0,47198,0.012,0.009,3506
2026-06-02T16:42:35Z,1000,59.0,47131,0.012,0.009,3506
2026-06-02T16:42:36Z,1000,59.0,47126,0.012,0.009,3508
2026-06-02T16:42:36Z,1000,59.0,47166,0.012,0.009,3508
2026-06-02T16:42:36Z,1000,59.0,47141,0.012,0.009,3508
2026-06-02T16:42:36Z,1000,58.0,47151,0.012,0.009,3508
2026-06-02T16:42:36Z,1000,59.0,47131,0.012,0.009,3508
2026-06-02T16:42:37Z,1000,58.0,47140,0.012,0.009,3508
2026-06-02T16:42:37Z,1000,59.0,47119,0.012,0.009,3508
2026-06-02T16:42:37Z,1000,59.0,47119,0.012,0.009,3508
2026-06-02T16:42:37Z,1000,58.0,47172,0.012,0.009,3511
2026-06-02T16:42:37Z,1000,59.0,47194,0.012,0.009,3511
2026-06-02T16:42:38Z,1000,58.0,47187,0.012,0.009,3512
2026-06-02T16:42:38Z,1000,58.0,47141,0.012,0.009,3512
2026-06-02T16:42:38Z,1000,58.0,47209,0.012,0.009,3512
2026-06-02T16:42:38Z,1000,59.0,47139,0.012,0.009,3512
2026-06-02T16:42:38Z,1000,58.0,47179,0.012,0.009,3512
2026-06-02T16:42:39Z,1000,58.0,47162,0.012,0.009,3515
2026-06-02T16:42:39Z,1000,59.0,47196,0.012,0.009,3515
2026-06-02T16:42:39Z,1000,59.0,47139,0.012,0.009,3515
2026-06-02T16:42:39Z,1000,58.0,47138,0.012,0.009,3515
2026-06-02T16:42:39Z,1000,59.0,47113,0.012,0.009,3515
2026-06-02T16:42:40Z,1000,58.0,47156,0.012,0.009,3515
2026-06-02T16:42:40Z,1000,58.0,47175,0.012,0.009,3515
2026-06-02T16:42:40Z,1000,59.0,47104,0.012,0.009,3517
2026-06-02T16:42:40Z,1000,58.0,47214,0.012,0.009,3517
2026-06-02T16:42:40Z,1000,59.0,47103,0.012,0.009,3516
2026-06-02T16:42:41Z,1000,58.0,47098,0.012,0.009,3517
2026-06-02T16:42:41Z,1000,58.0,47100,0.012,0.009,3517
2026-06-02T16:42:41Z,1000,58.0,47105,0.012,0.009,3517
2026-06-02T16:42:41Z,1000,58.0,47110,0.012,0.009,3519
2026-06-02T16:42:41Z,1000,58.0,48071,0.012,0.009,3519
2026-06-02T16:42:42Z,1000,58.0,47097,0.012,0.009,3519
2026-06-02T16:42:42Z,1000,58.0,47099,0.012,0.009,3519
2026-06-02T16:42:42Z,1000,58.0,47093,0.012,0.009,3519
2026-06-02T16:42:42Z,1000,58.0,47095,0.012,0.009,3521
2026-06-02T16:42:42Z,1000,59.0,47099,0.012,0.009,3521
2026-06-02T16:42:43Z,1000,58.0,47098,0.012,0.009,3521
2026-06-02T16:42:43Z,1000,58.0,47091,0.012,0.009,3521
2026-06-02T16:42:43Z,1000,58.0,47088,0.012,0.009,3524
2026-06-02T16:42:43Z,1000,58.0,47099,0.012,0.009,3524
2026-06-02T16:42:43Z,1000,58.0,47097,0.012,0.009,3524
2026-06-02T16:42:44Z,1000,58.0,47088,0.012,0.009,3524
2026-06-02T16:42:44Z,1000,58.0,47089,0.012,0.009,3524
2026-06-02T16:42:44Z,1000,58.0,47091,0.012,0.009,3526
2026-06-02T16:42:44Z,1000,58.0,47108,0.012,0.009,3526
2026-06-02T16:42:44Z,1000,59.0,47091,0.012,0.009,3526
2026-06-02T16:42:45Z,1000,58.0,47100,0.012,0.009,3526
2026-06-02T16:42:45Z,1000,58.0,47099,0.012,0.009,3528
2026-06-02T16:42:45Z,1000,58.0,47082,0.012,0.009,3530
2026-06-02T16:42:45Z,1000,58.0,47084,0.012,0.009,3530
2026-06-02T16:42:45Z,1000,58.0,47091,0.012,0.009,3530
2026-06-02T16:42:46Z,1000,58.0,47096,0.012,0.009,3533
2026-06-02T16:42:46Z,1000,58.0,47080,0.012,0.009,3533
2026-06-02T16:42:46Z,1000,58.0,47078,0.012,0.009,3533
2026-06-02T16:42:46Z,1000,58.0,47072,0.012,0.009,3533
2026-06-02T16:42:46Z,1000,58.0,47079,0.012,0.009,3533
2026-06-02T16:42:47Z,1000,58.0,47096,0.012,0.009,3533
2026-06-02T16:42:47Z,1000,58.0,47077,0.012,0.009,3535
2026-06-02T16:42:47Z,1000,58.0,47072,0.012,0.009,3535
2026-06-02T16:42:47Z,1000,57.0,47073,0.012,0.009,3536
2026-06-02T16:42:47Z,1000,58.0,47094,0.012,0.009,3536
2026-06-02T16:42:48Z,1000,57.0,47074,0.012,0.009,3536
2026-06-02T16:42:48Z,1000,58.0,47076,0.012,0.009,3536
2026-06-02T16:42:48Z,1000,58.0,47091,0.012,0.009,3539
2026-06-02T16:42:48Z,1000,57.0,47088,0.012,0.009,3539
2026-06-02T16:42:48Z,1000,58.0,47082,0.012,0.009,3539
2026-06-02T16:42:49Z,1000,58.0,47083,0.012,0.009,3539
2026-06-02T16:42:49Z,1000,58.0,47083,0.012,0.009,3539
2026-06-02T16:42:49Z,1000,58.0,47077,0.012,0.009,3542
2026-06-02T16:42:49Z,1000,57.0,47079,0.012,0.009,3542
2026-06-02T16:42:49Z,1000,57.0,47089,0.012,0.009,3542
2026-06-02T16:42:50Z,1000,57.0,47080,0.012,0.009,3542
2026-06-02T16:42:50Z,1000,58.0,47087,0.012,0.009,3542
2026-06-02T16:42:50Z,1000,57.0,47094,0.012,0.009,3543
2026-06-02T16:42:50Z,1000,57.0,47091,0.012,0.009,3543
2026-06-02T16:42:50Z,1000,57.0,47083,0.012,0.009,3543
2026-06-02T16:42:51Z,1000,58.0,47080,0.012,0.009,3544
2026-06-02T16:42:51Z,1000,58.0,47083,0.012,0.009,3544
2026-06-02T16:42:51Z,1000,57.0,47074,0.012,0.009,3545
2026-06-02T16:42:51Z,1000,57.0,47079,0.012,0.009,3545
2026-06-02T16:42:51Z,1000,57.0,47077,0.012,0.009,3545
2026-06-02T16:42:52Z,1000,58.0,47079,0.012,0.009,3545
2026-06-02T16:42:52Z,1000,57.0,47081,0.012,0.009,3545
2026-06-02T16:42:52Z,1000,58.0,47089,0.012,0.009,3546
2026-06-02T16:42:52Z,1000,57.0,47083,0.012,0.009,3546
2026-06-02T16:42:52Z,1000,57.0,47175,0.012,0.009,3539
2026-06-02T16:42:53Z,1000,57.0,47076,0.012,0.009,3539
2026-06-02T16:42:53Z,1000,58.0,47060,0.012,0.009,3539
2026-06-02T16:42:53Z,1000,57.0,47062,0.012,0.009,3541
2026-06-02T16:42:53Z,1000,57.0,47073,0.012,0.009,3542
2026-06-02T16:42:53Z,1000,57.0,47068,0.012,0.009,3542
2026-06-02T16:42:54Z,1000,58.0,47058,0.012,0.009,3542
2026-06-02T16:42:54Z,1000,57.0,47068,0.012,0.009,3542
2026-06-02T16:42:54Z,1000,57.0,47069,0.012,0.009,3543
2026-06-02T16:42:54Z,1000,57.0,47072,0.012,0.009,3543
2026-06-02T16:42:54Z,1000,57.0,47057,0.012,0.009,3543
2026-06-02T16:42:55Z,1000,57.0,47063,0.012,0.009,3545
2026-06-02T16:42:55Z,1000,57.0,47070,0.012,0.009,3545
2026-06-02T16:42:55Z,1000,57.0,47071,0.012,0.009,3545
2026-06-02T16:42:55Z,1000,57.0,47112,0.012,0.009,3545
2026-06-02T16:42:55Z,1000,57.0,47071,0.012,0.009,3545
2026-06-02T16:42:56Z,1000,56.0,47071,0.012,0.009,3545
2026-06-02T16:42:56Z,1000,57.0,47070,0.012,0.009,3545
2026-06-02T16:42:56Z,1000,57.0,47073,0.012,0.009,3549
2026-06-02T16:42:56Z,1000,57.0,47081,0.012,0.009,3549
2026-06-02T16:42:56Z,1000,57.0,47082,0.012,0.009,3549
2026-06-02T16:42:57Z,1000,57.0,47069,0.012,0.009,3549
2026-06-02T16:42:57Z,1000,57.0,47057,0.012,0.009,3549
2026-06-02T16:42:57Z,1000,57.0,47068,0.012,0.009,3549
2026-06-02T16:42:57Z,1000,57.0,47065,0.012,0.009,3549
2026-06-02T16:42:57Z,1000,57.0,47048,0.012,0.009,3549
2026-06-02T16:42:58Z,1000,57.0,47054,0.012,0.009,3549
2026-06-02T16:42:58Z,1000,57.0,47083,0.012,0.009,3549
2026-06-02T16:42:58Z,1000,57.0,47066,0.012,0.009,3549
2026-06-02T16:42:58Z,1000,57.0,47062,0.012,0.009,3549
2026-06-02T16:42:58Z,1000,57.0,47048,0.012,0.009,3549
2026-06-02T16:42:59Z,1000,57.0,47046,0.012,0.009,3549
2026-06-02T16:42:59Z,1000,57.0,47075,0.012,0.009,3549
2026-06-02T16:42:59Z,1000,56.0,47072,0.012,0.009,3549
2026-06-02T16:42:59Z,1000,56.0,47067,0.012,0.009,3549
2026-06-02T16:42:59Z,1000,57.0,47071,0.012,0.009,3549
2026-06-02T16:43:00Z,1000,57.0,47059,0.012,0.009,3549
2026-06-02T16:43:00Z,1000,57.0,47068,0.012,0.009,3549
2026-06-02T16:43:00Z,1000,57.0,47048,0.012,0.009,3549
2026-06-02T16:43:00Z,1000,56.0,47063,0.012,0.009,3549
2026-06-02T16:43:00Z,1000,57.0,47072,0.012,0.009,3552
2026-06-02T16:43:01Z,1000,57.0,47056,0.012,0.009,3552
2026-06-02T16:43:01Z,1000,57.0,47069,0.012,0.009,3551
2026-06-02T16:43:01Z,1000,57.0,47072,0.012,0.009,3551
2026-06-02T16:43:01Z,1000,57.0,47071,0.012,0.009,3550
2026-06-02T16:43:01Z,1000,56.0,47051,0.012,0.009,3551
2026-06-02T16:43:02Z,1000,57.0,47060,0.012,0.009,3551
2026-06-02T16:43:02Z,1000,57.0,47035,0.012,0.009,3551
2026-06-02T16:43:02Z,1000,56.0,47062,0.012,0.009,3551
2026-06-02T16:43:02Z,1000,56.0,47038,0.012,0.009,3551
2026-06-02T16:43:02Z,1000,57.0,47032,0.012,0.009,3551
2026-06-02T16:43:03Z,1000,56.0,47084,0.012,0.009,3551
2026-06-02T16:43:03Z,1000,57.0,47038,0.012,0.009,3551
2026-06-02T16:43:03Z,1000,56.0,47045,0.012,0.009,3551
2026-06-02T16:43:03Z,1000,57.0,47047,0.012,0.009,3551
2026-06-02T16:43:03Z,1000,56.0,47060,0.012,0.009,3551
2026-06-02T16:43:04Z,1000,56.0,47065,0.012,0.009,3551
2026-06-02T16:43:04Z,1000,56.0,47020,0.012,0.009,3551
2026-06-02T16:43:04Z,1000,56.0,47046,0.012,0.009,3551
2026-06-02T16:43:04Z,1000,56.0,47052,0.012,0.009,3551
2026-06-02T16:43:04Z,1000,56.0,47059,0.012,0.009,3551
2026-06-02T16:43:05Z,1000,57.0,47050,0.012,0.009,3551
2026-06-02T16:43:05Z,1000,56.0,47056,0.012,0.009,3551
2026-06-02T16:43:05Z,1000,56.0,47054,0.012,0.009,3551
2026-06-02T16:43:05Z,1000,56.0,47048,0.012,0.009,3551
2026-06-02T16:43:05Z,1000,56.0,47052,0.012,0.009,3551
2026-06-02T16:43:06Z,1000,56.0,47077,0.012,0.009,3551
2026-06-02T16:43:06Z,1000,56.0,47050,0.012,0.009,3551
2026-06-02T16:43:06Z,1000,56.0,47076,0.012,0.009,3551
2026-06-02T16:43:06Z,1000,57.0,47064,0.012,0.009,3551
2026-06-02T16:43:06Z,1000,56.0,47080,0.012,0.009,3551
2026-06-02T16:43:07Z,1000,57.0,47060,0.012,0.009,3551
2026-06-02T16:43:07Z,1000,55.0,47040,0.012,0.009,3551
2026-06-02T16:43:07Z,1000,56.0,47012,0.012,0.009,3551
2026-06-02T16:43:07Z,1000,56.0,47045,0.012,0.009,3551
2026-06-02T16:43:07Z,1000,56.0,47039,0.012,0.009,3551
2026-06-02T16:43:08Z,1000,56.0,47075,0.012,0.009,3551
2026-06-02T16:43:08Z,1000,56.0,47038,0.012,0.009,3551
2026-06-02T16:43:08Z,1000,56.0,47068,0.012,0.009,3551
2026-06-02T16:43:08Z,1000,56.0,47054,0.012,0.009,3551
2026-06-02T16:43:08Z,1000,56.0,47038,0.012,0.009,3551
2026-06-02T16:43:09Z,1000,56.0,47046,0.012,0.009,3551
2026-06-02T16:43:09Z,1000,57.0,47042,0.012,0.009,3551
2026-06-02T16:43:09Z,1000,56.0,47077,0.012,0.009,3551
2026-06-02T16:43:09Z,1000,57.0,47031,0.012,0.009,3551
2026-06-02T16:43:09Z,1000,56.0,47042,0.012,0.009,3552
2026-06-02T16:43:10Z,1000,56.0,47069,0.012,0.009,3552
2026-06-02T16:43:10Z,1000,56.0,47056,0.012,0.009,3552
2026-06-02T16:43:10Z,1000,56.0,47041,0.012,0.009,3552
2026-06-02T16:43:10Z,1000,56.0,47060,0.012,0.009,3552
2026-06-02T16:43:10Z,1000,56.0,47046,0.012,0.009,3552
2026-06-02T16:43:11Z,1000,56.0,47070,0.012,0.009,3552
2026-06-02T16:43:11Z,1000,56.0,47049,0.012,0.009,3552
2026-06-02T16:43:11Z,1000,57.0,47072,0.012,0.009,3552
2026-06-02T16:43:11Z,1000,57.0,47040,0.012,0.009,3552
2026-06-02T16:43:11Z,1000,56.0,47064,0.012,0.009,3552
2026-06-02T16:43:12Z,1000,56.0,47067,0.012,0.009,3551
2026-06-02T16:43:12Z,1000,56.0,47060,0.012,0.009,3552
2026-06-02T16:43:12Z,1000,56.0,47044,0.012,0.009,3552
2026-06-02T16:43:12Z,1000,56.0,47034,0.012,0.009,3552
2026-06-02T16:43:12Z,1000,56.0,47058,0.012,0.009,3552
2026-06-02T16:43:13Z,1000,56.0,47052,0.012,0.009,3552
2026-06-02T16:43:13Z,1000,56.0,47056,0.012,0.009,3552
2026-06-02T16:43:13Z,1000,56.0,47027,0.012,0.009,3552
2026-06-02T16:43:13Z,1000,56.0,47061,0.012,0.009,3552
2026-06-02T16:43:13Z,1000,56.0,47065,0.012,0.009,3552
2026-06-02T16:43:14Z,1000,56.0,47025,0.012,0.009,3552
2026-06-02T16:43:14Z,1000,56.0,47015,0.012,0.009,3552
2026-06-02T16:43:14Z,1000,56.0,47034,0.012,0.009,3552
2026-06-02T16:43:14Z,1000,56.0,47058,0.012,0.009,3552
2026-06-02T16:43:14Z,1000,56.0,47048,0.012,0.009,3552
2026-06-02T16:43:15Z,1000,56.0,47011,0.012,0.009,3552
2026-06-02T16:43:15Z,1000,56.0,47044,0.012,0.009,3552
2026-06-02T16:43:15Z,1000,56.0,47044,0.012,0.009,3552
2026-06-02T16:43:15Z,1000,56.0,47022,0.012,0.009,3552
2026-06-02T16:43:15Z,1000,56.0,47089,0.012,0.009,3552
2026-06-02T16:43:16Z,1000,56.0,47057,0.012,0.009,3552
2026-06-02T16:43:16Z,1000,55.0,47036,0.012,0.009,3552
2026-06-02T16:43:16Z,1000,56.0,47057,0.012,0.009,3552
2026-06-02T16:43:16Z,1000,56.0,47068,0.012,0.009,3552
2026-06-02T16:43:16Z,1000,56.0,47024,0.012,0.009,3552
2026-06-02T16:43:17Z,1000,56.0,47032,0.012,0.009,3552
2026-06-02T16:43:17Z,1000,56.0,47067,0.012,0.009,3552
2026-06-02T16:43:17Z,1000,56.0,47004,0.012,0.009,3552
2026-06-02T16:43:17Z,1000,56.0,47034,0.012,0.009,3552
2026-06-02T16:43:17Z,1000,56.0,47028,0.012,0.009,3552
2026-06-02T16:43:18Z,1000,56.0,47051,0.012,0.009,3552
2026-06-02T16:43:18Z,1000,56.0,47022,0.012,0.009,3552
2026-06-02T16:43:18Z,1000,55.0,46253,0.012,0.009,3552
2026-06-02T16:43:18Z,1000,56.0,47003,0.012,0.009,3552
2026-06-02T16:43:18Z,1000,56.0,47055,0.012,0.009,3552
2026-06-02T16:43:19Z,1000,56.0,47070,0.012,0.009,3552
2026-06-02T16:43:19Z,1000,56.0,47019,0.012,0.009,3552
2026-06-02T16:43:19Z,1000,56.0,47012,0.012,0.009,3553
2026-06-02T16:43:19Z,1000,56.0,47002,0.012,0.009,3553
2026-06-02T16:43:19Z,1000,56.0,47047,0.012,0.009,3553
2026-06-02T16:43:20Z,1000,55.0,47045,0.012,0.009,3553
2026-06-02T16:43:20Z,1000,56.0,47068,0.012,0.009,3553
2026-06-02T16:43:20Z,1000,56.0,47058,0.012,0.009,3555
2026-06-02T16:43:20Z,1000,56.0,47042,0.012,0.009,3555
2026-06-02T16:43:20Z,1000,56.0,52209,0.012,0.009,3557
2026-06-02T16:43:21Z,1000,56.0,52161,0.012,0.009,3565
2026-06-02T16:43:21Z,1000,56.0,54135,0.012,0.009,4423
2026-06-02T16:43:21Z,1000,56.0,54198,0.012,0.009,7910
2026-06-02T16:43:21Z,1000,56.0,54236,0.012,0.009,10194
2026-06-02T16:43:21Z,1000,56.0,55029,0.012,0.009,11688
2026-06-02T16:43:22Z,1000,56.0,55040,0.012,0.009,12655
2026-06-02T16:43:22Z,1000,56.0,54208,0.012,0.009,13141
2026-06-02T16:43:22Z,1000,56.0,54144,0.012,0.009,13471
2026-06-02T16:43:22Z,1000,56.0,54207,0.012,0.009,13810
2026-06-02T16:43:22Z,1000,56.0,54240,0.012,0.009,14137
2026-06-02T16:43:23Z,1000,56.0,54137,0.012,0.009,14366
2026-06-02T16:43:23Z,1000,56.0,55001,0.012,0.009,14429
2026-06-02T16:43:23Z,1000,55.0,54234,0.012,0.009,14491
2026-06-02T16:43:23Z,1000,56.0,54153,0.012,0.009,14562
2026-06-02T16:43:23Z,1000,56.0,54106,0.012,0.009,14630
2026-06-02T16:43:24Z,1000,56.0,56054,0.012,0.009,14568
2026-06-02T16:43:24Z,1000,56.0,52206,0.012,0.009,14531
2026-06-02T16:43:24Z,1000,56.0,50038,0.012,0.009,14493
2026-06-02T16:43:24Z,1000,56.0,51226,0.012,0.009,14471
2026-06-02T16:43:24Z,1000,56.0,52192,0.012,0.009,14470
2026-06-02T16:43:25Z,1000,55.0,50214,0.012,0.009,14470
2026-06-02T16:43:25Z,1000,56.0,48039,0.012,0.009,14461
2026-06-02T16:43:25Z,1000,55.0,47146,0.012,0.009,14459
2026-06-02T16:43:25Z,1000,56.0,48038,0.012,0.009,14454
2026-06-02T16:43:25Z,1000,56.0,47174,0.012,0.009,14449
2026-06-02T16:43:26Z,1000,56.0,47119,0.012,0.009,14451
2026-06-02T16:43:26Z,1000,55.0,48011,0.012,0.009,14454
2026-06-02T16:43:26Z,1000,56.0,47165,0.012,0.009,14451
2026-06-02T16:43:26Z,1000,55.0,47029,0.012,0.009,14453
2026-06-02T16:43:26Z,1000,56.0,48080,0.012,0.009,14448
2026-06-02T16:43:27Z,1000,56.0,48015,0.012,0.009,14448
2026-06-02T16:43:27Z,1000,56.0,47046,0.012,0.009,14453
2026-06-02T16:43:27Z,1000,55.0,47185,0.012,0.009,14458
2026-06-02T16:43:27Z,1000,55.0,47082,0.012,0.009,14460
2026-06-02T16:43:27Z,1000,56.0,47106,0.012,0.009,14455
2026-06-02T16:43:28Z,1000,56.0,47136,0.012,0.009,14457
2026-06-02T16:43:28Z,1000,56.0,48015,0.012,0.009,14452
2026-06-02T16:43:28Z,1000,56.0,47067,0.012,0.009,14455
2026-06-02T16:43:28Z,1000,56.0,49009,0.012,0.009,14452
2026-06-02T16:43:28Z,1000,56.0,47212,0.012,0.009,14447
2026-06-02T16:43:29Z,1000,56.0,47164,0.012,0.009,14454
2026-06-02T16:43:29Z,1000,56.0,47227,0.012,0.009,14448
2026-06-02T16:43:29Z,1000,56.0,47209,0.012,0.009,14451
2026-06-02T16:43:29Z,1000,56.0,47093,0.012,0.009,14454
2026-06-02T16:43:29Z,1000,56.0,47170,0.012,0.009,14441
2026-06-02T16:43:30Z,1000,56.0,47152,0.012,0.009,14443
2026-06-02T16:43:30Z,1000,56.0,47173,0.012,0.009,14445
2026-06-02T16:43:30Z,1000,56.0,47188,0.012,0.009,14440
2026-06-02T16:43:30Z,1000,56.0,47165,0.012,0.009,14443
2026-06-02T16:43:30Z,1000,56.0,47140,0.012,0.009,14445
2026-06-02T16:43:31Z,1000,56.0,47170,0.012,0.009,14448
2026-06-02T16:43:31Z,1000,56.0,47166,0.012,0.009,14443
2026-06-02T16:43:31Z,1000,56.0,47192,0.012,0.009,14446
2026-06-02T16:43:31Z,1000,56.0,47174,0.012,0.009,14448
2026-06-02T16:43:31Z,1000,56.0,47186,0.012,0.009,14451
2026-06-02T16:43:32Z,1000,56.0,47157,0.012,0.009,14445
2026-06-02T16:43:32Z,1000,55.0,47222,0.012,0.009,14448
2026-06-02T16:43:32Z,1000,56.0,47184,0.012,0.009,14450
2026-06-02T16:43:32Z,1000,55.0,47179,0.012,0.009,14444
2026-06-02T16:43:32Z,1000,55.0,47183,0.012,0.009,14447
2026-06-02T16:43:33Z,1000,56.0,47149,0.012,0.009,14450
2026-06-02T16:43:33Z,1000,56.0,47182,0.012,0.009,14452
2026-06-02T16:43:33Z,1000,56.0,47182,0.012,0.009,14455
2026-06-02T16:43:33Z,1000,56.0,47167,0.012,0.009,14457
2026-06-02T16:43:33Z,1000,56.0,47162,0.012,0.009,14444
2026-06-02T16:43:34Z,1000,56.0,47181,0.012,0.009,14446
2026-06-02T16:43:34Z,1000,56.0,47169,0.012,0.009,14449
2026-06-02T16:43:34Z,1000,56.0,47209,0.012,0.009,14450
2026-06-02T16:43:34Z,1000,55.0,48002,0.012,0.009,14444
2026-06-02T16:43:34Z,1000,56.0,47246,0.012,0.009,14447
2026-06-02T16:43:35Z,1000,56.0,48125,0.012,0.009,14442
2026-06-02T16:43:35Z,1000,56.0,48016,0.012,0.009,14445
2026-06-02T16:43:35Z,1000,56.0,47244,0.012,0.009,14447
2026-06-02T16:43:35Z,1000,55.0,47223,0.012,0.009,14442
2026-06-02T16:43:35Z,1000,56.0,47230,0.012,0.009,14445
2026-06-02T16:43:36Z,1000,56.0,47230,0.012,0.009,14447
2026-06-02T16:43:36Z,1000,56.0,47252,0.012,0.009,14442
2026-06-02T16:43:36Z,1000,56.0,47211,0.012,0.009,14460
2026-06-02T16:43:36Z,1000,56.0,48027,0.012,0.009,14514
2026-06-02T16:43:36Z,1000,56.0,47198,0.012,0.009,14516
2026-06-02T16:43:37Z,1000,56.0,47211,0.012,0.009,14465
2026-06-02T16:43:37Z,1000,56.0,47219,0.012,0.009,14390
2026-06-02T16:43:37Z,1000,56.0,47191,0.012,0.009,14386
2026-06-02T16:43:37Z,1000,56.0,47220,0.012,0.009,14376
2026-06-02T16:43:37Z,1000,55.0,47163,0.012,0.009,14372
2026-06-02T16:43:38Z,1000,56.0,47219,0.012,0.009,14375
2026-06-02T16:43:38Z,1000,56.0,47188,0.012,0.009,14378
2026-06-02T16:43:38Z,1000,55.0,47160,0.012,0.009,14372
2026-06-02T16:43:38Z,1000,56.0,47187,0.012,0.009,14373
2026-06-02T16:43:38Z,1000,56.0,47186,0.012,0.009,14376
2026-06-02T16:43:39Z,1000,56.0,49175,0.991,0.009,14222
2026-06-02T16:43:39Z,1000,55.0,56100,1.977,0.011,13177
2026-06-02T16:43:39Z,1000,56.0,53246,2.962,0.013,11958
2026-06-02T16:43:39Z,1000,56.0,59019,3.948,0.015,10971
2026-06-02T16:43:39Z,1000,56.0,53056,4.934,0.017,10472
2026-06-02T16:43:40Z,1000,56.0,54021,4.934,0.017,9366
2026-06-02T16:43:40Z,1000,56.0,54229,5.920,0.018,8801
2026-06-02T16:43:40Z,1000,57.0,53046,6.905,0.019,8329
2026-06-02T16:43:40Z,1000,56.0,54048,6.905,0.019,7355
2026-06-02T16:43:40Z,1000,56.0,54228,7.891,0.020,6940
2026-06-02T16:43:41Z,1000,56.0,52231,7.891,0.020,6401
2026-06-02T16:43:41Z,1000,56.0,55116,8.877,0.020,5327
2026-06-02T16:43:41Z,1000,56.0,55212,9.862,0.021,4719
2026-06-02T16:43:41Z,1000,56.0,53225,10.422,0.023,4362
2026-06-02T16:43:41Z,1000,56.0,54039,10.422,0.024,3811
2026-06-02T16:43:42Z,1000,56.0,49061,10.422,0.024,3680
2026-06-02T16:43:42Z,1000,56.0,49133,10.422,0.024,3678
2026-06-02T16:43:42Z,1000,57.0,49124,10.422,0.024,3801
2026-06-02T16:43:42Z,1000,56.0,48194,10.422,0.024,3804
2026-06-02T16:43:42Z,1000,56.0,51110,10.422,0.024,3826
2026-06-02T16:43:43Z,1000,57.0,49098,10.422,0.024,3875
2026-06-02T16:43:43Z,1000,56.0,52220,10.422,0.024,3849
2026-06-02T16:43:43Z,1000,56.0,49040,10.422,0.024,3837
2026-06-02T16:43:43Z,1000,56.0,50165,10.422,0.024,3851
2026-06-02T16:43:43Z,1000,56.0,49221,10.422,0.024,3848
2026-06-02T16:43:44Z,1000,56.0,48227,10.422,0.024,3844
2026-06-02T16:43:44Z,1000,56.0,49192,10.422,0.024,3845
2026-06-02T16:43:44Z,1000,56.0,49104,10.422,0.024,3850
2026-06-02T16:43:44Z,1000,56.0,50247,10.422,0.024,3842
2026-06-02T16:43:44Z,1000,56.0,48150,10.422,0.024,3826
2026-06-02T16:43:45Z,1000,55.0,50199,10.422,0.024,3864
2026-06-02T16:43:45Z,1000,56.0,51123,10.422,0.024,3857
2026-06-02T16:43:45Z,1000,56.0,47238,10.422,0.024,3872
2026-06-02T16:43:45Z,1000,56.0,50125,10.422,0.024,3857
2026-06-02T16:43:45Z,1000,56.0,47251,10.422,0.024,3856
2026-06-02T16:43:46Z,1000,56.0,51029,10.422,0.024,3857
2026-06-02T16:43:46Z,1000,56.0,50157,10.422,0.024,3868
2026-06-02T16:43:46Z,1000,56.0,49229,10.422,0.024,3849
2026-06-02T16:43:46Z,1000,56.0,49125,10.422,0.024,3875
2026-06-02T16:43:46Z,1000,56.0,49190,10.422,0.024,3867
2026-06-02T16:43:47Z,1000,56.0,49062,10.422,0.024,3841
2026-06-02T16:43:47Z,1000,56.0,51063,10.422,0.024,3826
2026-06-02T16:43:47Z,1000,56.0,50142,10.422,0.024,3835
2026-06-02T16:43:47Z,1000,56.0,50185,10.422,0.024,3866
2026-06-02T16:43:47Z,1000,56.0,47230,10.422,0.024,3868
2026-06-02T16:43:48Z,1000,56.0,50152,10.422,0.024,3843
2026-06-02T16:43:48Z,1000,56.0,49215,10.422,0.024,3880
2026-06-02T16:43:48Z,1000,56.0,51068,10.422,0.024,3876
2026-06-02T16:43:48Z,1000,56.0,51169,10.422,0.024,3867
2026-06-02T16:43:48Z,1000,56.0,49037,10.422,0.024,3834
2026-06-02T16:43:49Z,1000,56.0,50121,10.422,0.024,3861
2026-06-02T16:43:49Z,1000,56.0,48091,10.422,0.024,3869
2026-06-02T16:43:49Z,1000,56.0,50043,10.422,0.024,3856
2026-06-02T16:43:49Z,1000,56.0,49220,10.422,0.024,3830
2026-06-02T16:43:49Z,1000,56.0,50099,10.422,0.024,3838
2026-06-02T16:43:50Z,1000,56.0,49255,10.422,0.024,3846
2026-06-02T16:43:50Z,1000,55.0,48184,10.422,0.024,3848
2026-06-02T16:43:50Z,1000,57.0,52120,10.422,0.024,3839
2026-06-02T16:43:50Z,1000,56.0,47215,10.422,0.024,3827
2026-06-02T16:43:50Z,1000,56.0,47246,10.422,0.024,3840
2026-06-02T16:43:51Z,1000,56.0,49043,10.422,0.024,3841
2026-06-02T16:43:51Z,1000,56.0,50120,10.422,0.024,3848
2026-06-02T16:43:51Z,1000,56.0,50237,10.422,0.024,3831
2026-06-02T16:43:51Z,1000,56.0,49014,10.422,0.024,3817
2026-06-02T16:43:51Z,1000,56.0,49103,10.422,0.024,3824
2026-06-02T16:43:52Z,1000,56.0,49246,10.422,0.024,3818
2026-06-02T16:43:52Z,1000,56.0,52033,10.422,0.024,3791
2026-06-02T16:43:52Z,1000,56.0,51123,10.422,0.024,3827
2026-06-02T16:43:52Z,1000,56.0,51133,10.422,0.024,3814
2026-06-02T16:43:52Z,1000,56.0,49029,10.422,0.024,3811
2026-06-02T16:43:53Z,1000,56.0,49014,10.422,0.024,3809
2026-06-02T16:43:53Z,1000,55.0,48189,10.422,0.024,3805
2026-06-02T16:43:53Z,1000,56.0,51149,10.422,0.024,3798
2026-06-02T16:43:53Z,1000,56.0,49043,10.422,0.024,3820
2026-06-02T16:43:53Z,1000,56.0,49132,10.422,0.024,3811
2026-06-02T16:43:54Z,1000,56.0,49220,10.422,0.024,3822
2026-06-02T16:43:54Z,1000,56.0,49151,10.422,0.024,3812
2026-06-02T16:43:54Z,1000,56.0,50094,10.422,0.024,3798
2026-06-02T16:43:54Z,1000,56.0,49174,10.422,0.024,3813
2026-06-02T16:43:54Z,1000,56.0,47236,10.422,0.024,3808
2026-06-02T16:43:55Z,1000,56.0,50246,10.422,0.024,3791
2026-06-02T16:43:55Z,1000,56.0,50058,10.422,0.024,3789
2026-06-02T16:43:55Z,1000,56.0,49098,10.422,0.024,3789
2026-06-02T16:43:55Z,1000,56.0,47230,10.422,0.024,3796
2026-06-02T16:43:55Z,1000,56.0,49163,10.422,0.024,3803
2026-06-02T16:43:56Z,1000,56.0,51025,10.422,0.024,3801
2026-06-02T16:43:56Z,1000,56.0,50177,10.422,0.024,3801
2026-06-02T16:43:56Z,1000,56.0,47059,10.422,0.024,3806
2026-06-02T16:43:56Z,1000,56.0,52099,10.859,0.024,3319
2026-06-02T16:43:56Z,1500,66.0,109217,10.887,0.025,3365
2026-06-02T16:43:57Z,1500,60.0,64163,10.887,0.025,3356
2026-06-02T16:43:57Z,1500,60.0,64107,10.887,0.025,3378
2026-06-02T16:43:57Z,1500,71.0,109195,10.888,0.025,3398
2026-06-02T16:43:57Z,1500,73.0,110067,10.888,0.025,3398
2026-06-02T16:43:57Z,1500,74.0,110079,10.888,0.025,3397
2026-06-02T16:43:58Z,1500,74.0,110119,10.888,0.025,3397
2026-06-02T16:43:58Z,1500,75.0,110202,10.888,0.025,3397
2026-06-02T16:43:58Z,1500,74.0,111009,10.888,0.025,3397
2026-06-02T16:43:58Z,1500,75.0,109177,10.888,0.025,3396
2026-06-02T16:43:58Z,1500,75.0,109100,10.888,0.025,3396
2026-06-02T16:43:59Z,1500,75.0,111044,10.888,0.025,3396
2026-06-02T16:43:59Z,1500,75.0,111250,10.888,0.025,3396
2026-06-02T16:43:59Z,1500,75.0,114121,10.888,0.025,3395
2026-06-02T16:43:59Z,1500,76.0,111234,10.888,0.025,3393
2026-06-02T16:43:59Z,1500,74.0,106041,10.888,0.025,3393
2026-06-02T16:44:00Z,1500,75.0,103225,10.888,0.025,3392
2026-06-02T16:44:00Z,1500,74.0,102060,10.888,0.025,3392
2026-06-02T16:44:00Z,1500,75.0,110213,10.888,0.025,3373
2026-06-02T16:44:00Z,1500,75.0,108145,10.888,0.025,3373
2026-06-02T16:44:00Z,1500,75.0,112250,10.888,0.025,3373
2026-06-02T16:44:01Z,1500,76.0,113091,10.888,0.025,3368
2026-06-02T16:44:01Z,1500,65.0,70242,8.458,0.018,3398
2026-06-02T16:44:01Z,1500,63.0,70172,2.544,0.012,3418
2026-06-02T16:44:01Z,1500,63.0,65024,0.013,0.009,3433
2026-06-02T16:44:01Z,1500,62.0,64202,0.013,0.009,3423
2026-06-02T16:44:02Z,1500,62.0,64228,0.013,0.009,3406
2026-06-02T16:44:02Z,1000,60.0,53129,0.013,0.009,3376
2026-06-02T16:44:02Z,1000,59.0,47128,0.012,0.009,3426
2026-06-02T16:44:02Z,1000,58.0,47138,0.012,0.009,3426
2026-06-02T16:44:02Z,1000,58.0,47128,0.012,0.009,3425
2026-06-02T16:44:03Z,1000,58.0,47107,0.012,0.009,3425
2026-06-02T16:44:03Z,1000,58.0,47112,0.012,0.009,3425
2026-06-02T16:44:03Z,1000,57.0,47086,0.012,0.009,3426
2026-06-02T16:44:03Z,1000,58.0,47105,0.012,0.009,3426
2026-06-02T16:44:03Z,1000,57.0,47099,0.012,0.009,3426
2026-06-02T16:44:04Z,1000,58.0,47122,0.012,0.009,3426
2026-06-02T16:44:04Z,1000,58.0,47104,0.012,0.009,3426
2026-06-02T16:44:04Z,1000,57.0,47082,0.012,0.009,3426
2026-06-02T16:44:04Z,1000,57.0,47076,0.012,0.009,3426
2026-06-02T16:44:04Z,1000,58.0,47112,0.012,0.009,3426
2026-06-02T16:44:05Z,1000,57.0,47100,0.012,0.009,3426
2026-06-02T16:44:05Z,1000,57.0,47060,0.012,0.009,3426
2026-06-02T16:44:05Z,1000,57.0,47108,0.012,0.009,3426
2026-06-02T16:44:05Z,1000,58.0,47111,0.012,0.009,3426
2026-06-02T16:44:05Z,1000,57.0,47091,0.012,0.009,3426
2026-06-02T16:44:06Z,1000,57.0,47086,0.012,0.009,3425
2026-06-02T16:44:06Z,1000,57.0,47076,0.012,0.009,3425
2026-06-02T16:44:06Z,1000,57.0,47041,0.012,0.009,3425
2026-06-02T16:44:06Z,1000,57.0,47056,0.012,0.009,3425
2026-06-02T16:44:06Z,1000,57.0,47047,0.012,0.009,3425
2026-06-02T16:44:07Z,1000,57.0,47119,0.012,0.009,3425
2026-06-02T16:44:07Z,1000,57.0,47059,0.012,0.009,3430
2026-06-02T16:44:07Z,1000,57.0,47081,0.012,0.009,3431
2026-06-02T16:44:07Z,1000,57.0,47109,0.012,0.009,3431
2026-06-02T16:44:07Z,1000,57.0,47090,0.012,0.009,3431
2026-06-02T16:44:08Z,1000,56.0,47083,0.012,0.009,3431
2026-06-02T16:44:08Z,1000,57.0,47062,0.012,0.009,3431
2026-06-02T16:44:08Z,1000,56.0,47090,0.012,0.009,3432
2026-06-02T16:44:08Z,1000,57.0,47095,0.012,0.009,3432
2026-06-02T16:44:08Z,1000,56.0,47081,0.012,0.009,3432
2026-06-02T16:44:09Z,1000,57.0,47092,0.012,0.009,3432
2026-06-02T16:44:09Z,1000,56.0,47073,0.012,0.009,3431
2026-06-02T16:44:09Z,1000,57.0,47087,0.012,0.009,3434
2026-06-02T16:44:09Z,1000,57.0,47087,0.012,0.009,3434
2026-06-02T16:44:09Z,1000,57.0,47065,0.012,0.009,3434
2026-06-02T16:44:10Z,1000,57.0,47074,0.012,0.009,3434
2026-06-02T16:44:10Z,1000,57.0,47049,0.012,0.009,3434
2026-06-02T16:44:10Z,1000,57.0,47079,0.012,0.009,3436
2026-06-02T16:44:10Z,1000,57.0,47070,0.012,0.009,3436
2026-06-02T16:44:10Z,1000,56.0,47116,0.012,0.009,3436
2026-06-02T16:44:11Z,1000,57.0,47064,0.012,0.009,3436
2026-06-02T16:44:11Z,1000,56.0,47079,0.012,0.009,3436
2026-06-02T16:44:11Z,1000,57.0,47074,0.012,0.009,3438
2026-06-02T16:44:11Z,1000,57.0,47072,0.012,0.009,3438
2026-06-02T16:44:11Z,1000,57.0,47011,0.012,0.009,3439
2026-06-02T16:44:12Z,1000,56.0,47010,0.012,0.009,3439
2026-06-02T16:44:12Z,1000,57.0,47028,0.012,0.009,3439
2026-06-02T16:44:12Z,1000,57.0,47078,0.012,0.009,3440
2026-06-02T16:44:12Z,1000,56.0,47077,0.012,0.009,3440
2026-06-02T16:44:12Z,1000,57.0,47012,0.012,0.009,3440
2026-06-02T16:44:13Z,1000,56.0,47074,0.012,0.009,3440
2026-06-02T16:44:13Z,1000,56.0,47126,0.012,0.009,3440
2026-06-02T16:44:13Z,1000,57.0,47091,0.012,0.009,3441
2026-06-02T16:44:13Z,1000,56.0,47001,0.012,0.009,3441
2026-06-02T16:44:13Z,1000,57.0,47068,0.012,0.009,3441
2026-06-02T16:44:14Z,1000,56.0,47068,0.012,0.009,3441
2026-06-02T16:44:14Z,1000,57.0,47123,0.012,0.009,3441
2026-06-02T16:44:14Z,1000,57.0,47064,0.012,0.009,3443
2026-06-02T16:44:14Z,1000,57.0,46137,0.012,0.009,3443
2026-06-02T16:44:14Z,1000,57.0,47043,0.012,0.009,3443
2026-06-02T16:44:15Z,1000,56.0,47045,0.012,0.009,3443
2026-06-02T16:44:15Z,1000,56.0,47067,0.012,0.009,3443
2026-06-02T16:44:15Z,1000,56.0,47058,0.012,0.009,3444
2026-06-02T16:44:15Z,1000,57.0,47032,0.012,0.009,3444
2026-06-02T16:44:15Z,1000,56.0,47042,0.012,0.009,3445
2026-06-02T16:44:16Z,1000,56.0,47061,0.012,0.009,3440
2026-06-02T16:44:16Z,1000,56.0,0,0.012,0.009,3439
2026-06-02T16:44:16Z,1000,56.0,47045,0.012,0.009,3440
2026-06-02T16:44:16Z,1000,56.0,47061,0.012,0.009,3440
2026-06-02T16:44:16Z,1000,57.0,47048,0.012,0.009,3435
2026-06-02T16:44:17Z,1000,57.0,47034,0.012,0.009,3435
2026-06-02T16:44:17Z,1000,56.0,47045,0.012,0.009,3435
2026-06-02T16:44:17Z,1000,57.0,47045,0.012,0.009,3436
2026-06-02T16:44:17Z,1000,56.0,47051,0.012,0.009,3436
2026-06-02T16:44:17Z,1000,57.0,47037,0.012,0.009,3436
2026-06-02T16:44:18Z,1000,56.0,47050,0.012,0.009,3436
2026-06-02T16:44:18Z,1000,56.0,47044,0.012,0.009,3436
2026-06-02T16:44:18Z,1000,56.0,47041,0.012,0.009,3437
2026-06-02T16:44:18Z,1000,56.0,47055,0.012,0.009,3437
2026-06-02T16:44:18Z,1000,57.0,47045,0.012,0.009,3437
2026-06-02T16:44:19Z,1000,56.0,47064,0.012,0.009,3437
2026-06-02T16:44:19Z,1000,56.0,47045,0.012,0.009,3437
2026-06-02T16:44:19Z,1000,56.0,47051,0.012,0.009,3437
2026-06-02T16:44:19Z,1000,56.0,47048,0.012,0.009,3437
2026-06-02T16:44:19Z,1000,56.0,47027,0.012,0.009,3438
2026-06-02T16:44:20Z,1000,56.0,47030,0.012,0.009,3438
2026-06-02T16:44:20Z,1000,56.0,47041,0.012,0.009,3438
2026-06-02T16:44:20Z,1000,56.0,47021,0.012,0.009,3439
2026-06-02T16:44:20Z,1000,56.0,47045,0.012,0.009,3439
2026-06-02T16:44:20Z,1000,56.0,47040,0.012,0.009,3439
2026-06-02T16:44:21Z,1000,56.0,47051,0.012,0.009,3439
2026-06-02T16:44:21Z,1000,56.0,47037,0.012,0.009,3439
2026-06-02T16:44:21Z,1000,55.0,47021,0.012,0.009,3439
2026-06-02T16:44:21Z,1000,57.0,47031,0.012,0.009,3439
2026-06-02T16:44:21Z,1000,56.0,47032,0.012,0.009,3439
2026-06-02T16:44:22Z,1000,55.0,47028,0.012,0.009,3439
2026-06-02T16:44:22Z,1000,56.0,47048,0.012,0.009,3439
2026-06-02T16:44:22Z,1000,57.0,47038,0.012,0.009,3439
2026-06-02T16:44:22Z,1000,55.0,47022,0.012,0.009,3439
2026-06-02T16:44:22Z,1000,56.0,47011,0.012,0.009,3439
2026-06-02T16:44:23Z,1000,56.0,47054,0.012,0.009,3439
2026-06-02T16:44:23Z,1000,56.0,47026,0.012,0.009,3439
2026-06-02T16:44:23Z,1000,56.0,47052,0.012,0.009,3439
2026-06-02T16:44:23Z,1000,56.0,47033,0.012,0.009,3440
2026-06-02T16:44:23Z,1000,56.0,47023,0.012,0.009,3440
2026-06-02T16:44:24Z,1000,56.0,47053,0.012,0.009,3440
2026-06-02T16:44:24Z,1000,56.0,47029,0.012,0.009,3440
2026-06-02T16:44:24Z,1000,56.0,47057,0.012,0.009,3440
2026-06-02T16:44:24Z,1000,56.0,47023,0.012,0.009,3440
2026-06-02T16:44:24Z,1000,56.0,47065,0.012,0.009,3440
2026-06-02T16:44:25Z,1000,56.0,47009,0.012,0.009,3440
2026-06-02T16:44:25Z,1000,56.0,47044,0.012,0.009,3440
2026-06-02T16:44:25Z,1000,56.0,47011,0.012,0.009,3440
2026-06-02T16:44:25Z,1000,56.0,47006,0.012,0.009,3442
2026-06-02T16:44:25Z,1000,56.0,47005,0.012,0.009,3442
2026-06-02T16:44:26Z,1000,56.0,47040,0.012,0.009,3442
2026-06-02T16:44:26Z,1000,56.0,47055,0.012,0.009,3442
2026-06-02T16:44:26Z,1000,55.0,47025,0.012,0.009,3442
2026-06-02T16:44:26Z,1000,56.0,47003,0.012,0.009,3443
2026-06-02T16:44:26Z,1000,55.0,47042,0.012,0.009,3443
2026-06-02T16:44:27Z,1000,56.0,47043,0.012,0.009,3443
2026-06-02T16:44:27Z,1000,56.0,47013,0.012,0.009,3443
2026-06-02T16:44:27Z,1000,55.0,47009,0.012,0.009,3443
2026-06-02T16:44:27Z,1000,55.0,47044,0.012,0.009,3444
2026-06-02T16:44:27Z,1000,55.0,47033,0.012,0.009,3444
2026-06-02T16:44:28Z,1000,56.0,47012,0.012,0.009,3444
2026-06-02T16:44:28Z,1000,55.0,47019,0.012,0.009,3444
2026-06-02T16:44:28Z,1000,55.0,47028,0.012,0.009,3444
2026-06-02T16:44:28Z,1000,56.0,47046,0.012,0.009,3444
2026-06-02T16:44:28Z,1000,56.0,47017,0.012,0.009,3444
2026-06-02T16:44:29Z,1000,56.0,47008,0.012,0.009,3444
2026-06-02T16:44:29Z,1000,56.0,47032,0.012,0.009,3444
2026-06-02T16:44:29Z,1000,55.0,47046,0.012,0.009,3444
2026-06-02T16:44:29Z,1000,56.0,47055,0.012,0.009,3446
2026-06-02T16:44:29Z,1000,55.0,47028,0.012,0.009,3446
2026-06-02T16:44:30Z,1000,56.0,47039,0.012,0.009,3445
2026-06-02T16:44:30Z,1000,55.0,47005,0.012,0.009,3446
2026-06-02T16:44:30Z,1000,56.0,47029,0.012,0.009,3446
2026-06-02T16:44:30Z,1000,56.0,46232,0.012,0.009,3446
2026-06-02T16:44:30Z,1000,56.0,47012,0.012,0.009,3446
2026-06-02T16:44:31Z,1000,55.0,47027,0.012,0.009,3446
2026-06-02T16:44:31Z,1000,56.0,47030,0.012,0.009,3446
2026-06-02T16:44:31Z,1000,56.0,47026,0.012,0.009,3447
2026-06-02T16:44:31Z,1000,56.0,47008,0.012,0.009,3447
2026-06-02T16:44:31Z,1000,56.0,47030,0.012,0.009,3447
2026-06-02T16:44:32Z,1000,55.0,47050,0.012,0.009,3447
2026-06-02T16:44:32Z,1000,56.0,47007,0.012,0.009,3447
2026-06-02T16:44:32Z,1000,56.0,47034,0.012,0.009,3449
2026-06-02T16:44:32Z,1000,56.0,47038,0.012,0.009,3449
2026-06-02T16:44:32Z,1000,55.0,47004,0.012,0.009,3449
2026-06-02T16:44:33Z,1000,56.0,53192,0.012,0.009,3329
2026-06-02T16:44:33Z,1000,56.0,50172,0.012,0.009,3277
2026-06-02T16:44:33Z,1000,55.0,50181,0.012,0.009,3245
2026-06-02T16:44:33Z,1000,55.0,52123,0.012,0.009,3250
2026-06-02T16:44:33Z,1000,55.0,50166,0.012,0.009,3250
2026-06-02T16:44:34Z,1000,56.0,50178,0.012,0.009,3244
2026-06-02T16:44:34Z,1000,55.0,48254,0.012,0.009,3367
2026-06-02T16:44:34Z,1000,56.0,49142,0.012,0.009,3327
2026-06-02T16:44:34Z,1000,56.0,49047,0.012,0.009,3365
2026-06-02T16:44:34Z,1000,56.0,49081,0.012,0.009,3347
2026-06-02T16:44:35Z,1000,56.0,49017,0.012,0.009,3342
2026-06-02T16:44:35Z,1000,56.0,49137,0.012,0.009,3355
2026-06-02T16:44:35Z,1000,55.0,50004,0.012,0.009,3333
2026-06-02T16:44:35Z,1000,56.0,49004,0.012,0.009,3347
2026-06-02T16:44:35Z,1000,55.0,48223,0.012,0.009,3346
2026-06-02T16:44:36Z,1000,56.0,52254,0.012,0.009,3448
2026-06-02T16:44:36Z,1000,56.0,47231,0.012,0.009,4635
2026-06-02T16:44:36Z,1000,55.0,47189,0.012,0.009,4622
2026-06-02T16:44:36Z,1000,56.0,47232,0.012,0.009,4624
2026-06-02T16:44:36Z,1000,56.0,47221,0.012,0.009,4618
2026-06-02T16:44:37Z,1000,56.0,47239,0.012,0.009,4620
2026-06-02T16:44:37Z,1000,55.0,47119,0.012,0.009,4615
2026-06-02T16:44:37Z,1000,56.0,48022,0.012,0.009,4674
2026-06-02T16:44:37Z,1000,55.0,48098,0.012,0.009,4592
2026-06-02T16:44:37Z,1000,56.0,53186,0.012,0.009,9929
2026-06-02T16:44:38Z,1000,55.0,53227,0.012,0.009,14002
2026-06-02T16:44:38Z,1000,55.0,47185,0.012,0.009,14408
2026-06-02T16:44:38Z,1000,56.0,47168,0.012,0.009,14398
2026-06-02T16:44:38Z,1000,56.0,47188,0.012,0.009,14408
2026-06-02T16:44:38Z,1000,56.0,48035,0.012,0.009,14395
2026-06-02T16:44:39Z,1000,56.0,47247,0.012,0.009,14392
2026-06-02T16:44:39Z,1000,56.0,48158,0.012,0.009,14395
2026-06-02T16:44:39Z,1000,56.0,48022,0.012,0.009,14394
2026-06-02T16:44:39Z,1000,55.0,48029,0.012,0.009,14396
2026-06-02T16:44:39Z,1000,55.0,48117,0.012,0.009,14388
2026-06-02T16:44:40Z,1000,55.0,48063,0.012,0.009,14385
2026-06-02T16:44:40Z,1000,55.0,48007,0.012,0.009,14380
2026-06-02T16:44:40Z,1000,55.0,47240,0.012,0.009,14376
2026-06-02T16:44:40Z,1000,56.0,47247,0.012,0.009,14381
2026-06-02T16:44:40Z,1000,55.0,47185,0.012,0.009,14377
2026-06-02T16:44:41Z,1000,55.0,47164,0.012,0.009,14379
2026-06-02T16:44:41Z,1000,55.0,47160,0.012,0.009,14383
2026-06-02T16:44:41Z,1000,55.0,47239,0.012,0.009,14371
2026-06-02T16:44:41Z,1000,55.0,47248,0.012,0.009,14374
2026-06-02T16:44:41Z,1000,55.0,48028,0.012,0.009,14370
2026-06-02T16:44:42Z,1000,56.0,47206,0.012,0.009,14371
2026-06-02T16:44:42Z,1000,55.0,47189,0.012,0.009,14370
2026-06-02T16:44:42Z,1000,55.0,48025,0.012,0.009,14370
2026-06-02T16:44:42Z,1000,56.0,47225,0.012,0.009,14367
2026-06-02T16:44:42Z,1000,56.0,47250,0.012,0.009,14373
2026-06-02T16:44:43Z,1000,55.0,48020,0.012,0.009,14378
2026-06-02T16:44:43Z,1000,55.0,48064,0.012,0.009,14378
2026-06-02T16:44:43Z,1000,55.0,48013,0.012,0.009,14379
2026-06-02T16:44:43Z,1000,56.0,47241,0.012,0.009,14375
2026-06-02T16:44:43Z,1000,56.0,48197,0.012,0.009,14378
2026-06-02T16:44:44Z,1000,55.0,47223,0.012,0.009,14380
2026-06-02T16:44:44Z,1000,55.0,48055,0.012,0.009,14373
2026-06-02T16:44:44Z,1000,56.0,47216,0.012,0.009,14375
2026-06-02T16:44:44Z,1000,56.0,47161,0.012,0.009,14374
2026-06-02T16:44:44Z,1000,55.0,47230,0.012,0.009,14470
2026-06-02T16:44:45Z,1000,56.0,48000,0.012,0.009,14471
2026-06-02T16:44:45Z,1000,56.0,48104,0.012,0.009,14371
2026-06-02T16:44:45Z,1000,56.0,48194,0.012,0.009,14368
2026-06-02T16:44:45Z,1000,56.0,47253,0.012,0.009,14366
2026-06-02T16:44:45Z,1000,56.0,48031,0.012,0.009,14367
2026-06-02T16:44:46Z,1000,55.0,48015,0.012,0.009,14369
2026-06-02T16:44:46Z,1000,56.0,47175,0.012,0.009,14364
2026-06-02T16:44:46Z,1000,55.0,47210,0.012,0.009,14361
2026-06-02T16:44:46Z,1000,56.0,52218,0.991,0.009,13389
2026-06-02T16:44:46Z,1000,55.0,51220,2.962,0.013,12039
2026-06-02T16:44:47Z,1000,55.0,53165,3.948,0.015,11253
2026-06-02T16:44:47Z,1000,55.0,52180,3.948,0.015,11005
2026-06-02T16:44:47Z,1000,56.0,54163,3.948,0.015,10925
2026-06-02T16:44:48Z,1000,55.0,54119,3.948,0.015,10925
2026-06-02T16:44:48Z,1000,56.0,52215,3.948,0.015,10904
2026-06-02T16:44:48Z,1000,55.0,52229,3.948,0.015,10536
2026-06-02T16:44:48Z,1000,56.0,55212,4.934,0.016,9621
2026-06-02T16:44:49Z,1000,55.0,53208,5.920,0.018,9042
2026-06-02T16:44:49Z,1000,56.0,52112,5.920,0.018,8531
2026-06-02T16:44:49Z,1000,56.0,54207,6.905,0.020,7832
2026-06-02T16:44:49Z,1000,56.0,53217,7.891,0.020,7415
2026-06-02T16:44:49Z,1000,56.0,52205,7.891,0.020,6442
2026-06-02T16:44:50Z,1000,56.0,53090,8.877,0.021,5638
2026-06-02T16:44:50Z,1000,56.0,55172,9.862,0.023,5117
2026-06-02T16:44:50Z,1000,56.0,51153,9.862,0.023,4476
2026-06-02T16:44:50Z,1000,56.0,57058,10.422,0.024,3769
2026-06-02T16:44:50Z,1000,56.0,52092,10.422,0.025,3799
2026-06-02T16:44:51Z,1000,56.0,52024,10.422,0.025,3799
2026-06-02T16:44:51Z,1000,56.0,50244,10.422,0.025,3785
2026-06-02T16:44:51Z,1000,55.0,51086,10.422,0.025,3883
2026-06-02T16:44:51Z,1000,56.0,53025,10.422,0.025,3876
2026-06-02T16:44:51Z,1000,56.0,52116,10.422,0.025,3872
2026-06-02T16:44:52Z,1000,56.0,50092,10.422,0.025,3863
2026-06-02T16:44:52Z,1000,56.0,49115,10.422,0.025,3875
2026-06-02T16:44:52Z,1000,55.0,48211,10.422,0.025,3888
2026-06-02T16:44:52Z,1000,56.0,48016,10.422,0.025,3879
2026-06-02T16:44:52Z,1000,55.0,0,10.422,0.025,3887
2026-06-02T16:44:53Z,1000,56.0,47053,10.422,0.025,3875
2026-06-02T16:44:53Z,1000,56.0,48090,10.422,0.025,3885
2026-06-02T16:44:53Z,1000,56.0,52240,10.422,0.025,3862
2026-06-02T16:44:53Z,1000,56.0,53206,10.422,0.025,3853
2026-06-02T16:44:53Z,1000,55.0,47221,10.422,0.025,3872
2026-06-02T16:44:54Z,1000,55.0,50221,10.422,0.025,3871
2026-06-02T16:44:54Z,1000,55.0,48059,10.422,0.025,3848
2026-06-02T16:44:54Z,1000,56.0,54075,10.422,0.025,3849
2026-06-02T16:44:54Z,1000,56.0,50199,10.422,0.025,3841
2026-06-02T16:44:54Z,1000,56.0,47063,10.422,0.025,3829
2026-06-02T16:44:55Z,1000,56.0,50160,10.422,0.025,3834
2026-06-02T16:44:55Z,1000,56.0,49192,10.422,0.025,3832
2026-06-02T16:44:55Z,1000,56.0,53031,10.422,0.025,3878
2026-06-02T16:44:55Z,1000,56.0,49183,10.422,0.025,3876
2026-06-02T16:44:55Z,1000,56.0,50144,10.422,0.025,3850
2026-06-02T16:44:56Z,1000,56.0,52107,10.422,0.025,3841
2026-06-02T16:44:56Z,1000,56.0,48217,10.422,0.025,3834
2026-06-02T16:44:56Z,1000,56.0,49109,10.422,0.025,3848
2026-06-02T16:44:56Z,1000,56.0,52182,10.422,0.025,3853
2026-06-02T16:44:56Z,1000,56.0,49042,10.422,0.025,3876
2026-06-02T16:44:57Z,1000,56.0,48098,10.422,0.025,3860
2026-06-02T16:44:57Z,1000,55.0,49225,10.422,0.025,3864
2026-06-02T16:44:57Z,1000,56.0,49041,10.422,0.025,3852
2026-06-02T16:44:57Z,1000,56.0,50017,10.422,0.025,3839
2026-06-02T16:44:57Z,1000,56.0,50116,10.422,0.025,3833
2026-06-02T16:44:58Z,1000,55.0,49200,10.422,0.025,3824
2026-06-02T16:44:58Z,1000,56.0,50165,10.422,0.025,3819
2026-06-02T16:44:58Z,1000,56.0,50096,10.422,0.025,3832
2026-06-02T16:44:58Z,1000,55.0,53113,10.422,0.025,3846
2026-06-02T16:44:58Z,1000,56.0,49021,10.422,0.025,3840
2026-06-02T16:44:59Z,1000,56.0,50131,10.422,0.025,3855
2026-06-02T16:44:59Z,1000,56.0,48237,10.422,0.025,3862
2026-06-02T16:44:59Z,1000,56.0,47206,10.422,0.025,3838
2026-06-02T16:44:59Z,1000,55.0,53150,10.422,0.025,3845
2026-06-02T16:44:59Z,1000,56.0,50118,10.422,0.025,3837
2026-06-02T16:45:00Z,1000,56.0,52214,10.422,0.025,3843
2026-06-02T16:45:00Z,1000,55.0,51125,10.422,0.025,3835
2026-06-02T16:45:00Z,1000,56.0,50005,10.422,0.025,3846
2026-06-02T16:45:00Z,1000,56.0,54138,10.422,0.025,3860
2026-06-02T16:45:00Z,1000,55.0,50061,10.422,0.025,3858
2026-06-02T16:45:01Z,1000,55.0,50139,10.422,0.025,3843
2026-06-02T16:45:01Z,1000,56.0,48185,10.422,0.025,3843
2026-06-02T16:45:01Z,1000,55.0,52167,10.422,0.025,3823
2026-06-02T16:45:01Z,1000,56.0,55062,10.422,0.025,3783
2026-06-02T16:45:01Z,1000,56.0,50031,10.422,0.025,3855
2026-06-02T16:45:02Z,1000,55.0,51228,10.422,0.025,3840
2026-06-02T16:45:02Z,1000,56.0,49074,10.422,0.025,3842
2026-06-02T16:45:02Z,1000,55.0,51017,10.422,0.025,3831
2026-06-02T16:45:02Z,1000,56.0,48155,10.422,0.025,3815
2026-06-02T16:45:02Z,1000,56.0,50081,10.422,0.025,3806
2026-06-02T16:45:03Z,1000,55.0,55032,10.422,0.025,3808
2026-06-02T16:45:03Z,1000,56.0,50161,10.422,0.025,3823
2026-06-02T16:45:03Z,1000,56.0,59094,10.859,0.026,3551
2026-06-02T16:45:03Z,1000,58.0,60150,10.887,0.027,3347
2026-06-02T16:45:03Z,1500,60.0,64111,10.887,0.027,3344
2026-06-02T16:45:04Z,1500,59.0,64136,10.887,0.027,3344
2026-06-02T16:45:04Z,1500,67.0,99097,10.888,0.027,3354
2026-06-02T16:45:04Z,1500,71.0,105250,10.888,0.027,3354
2026-06-02T16:45:04Z,1500,73.0,108216,10.888,0.027,3354
2026-06-02T16:45:04Z,1500,73.0,108037,10.888,0.027,3352
2026-06-02T16:45:05Z,1500,74.0,110095,10.888,0.027,3352
2026-06-02T16:45:05Z,1500,74.0,110132,10.888,0.027,3352
2026-06-02T16:45:05Z,1500,74.0,109169,10.888,0.027,3352
2026-06-02T16:45:05Z,1500,74.0,110146,10.888,0.027,3352
2026-06-02T16:45:05Z,1500,74.0,110185,10.888,0.027,3352
2026-06-02T16:45:06Z,1500,75.0,110167,10.888,0.027,3365
2026-06-02T16:45:06Z,1500,75.0,110190,10.888,0.027,3364
2026-06-02T16:45:06Z,1500,75.0,110250,10.888,0.027,3365
2026-06-02T16:45:06Z,1500,75.0,104244,10.888,0.027,3365
2026-06-02T16:45:06Z,1500,76.0,110005,10.888,0.027,3365
2026-06-02T16:45:07Z,1500,75.0,110188,10.888,0.027,3364
2026-06-02T16:45:07Z,1500,75.0,114102,10.888,0.027,3354
2026-06-02T16:45:07Z,1500,75.0,116071,10.888,0.027,3355
2026-06-02T16:45:07Z,1500,76.0,114096,10.888,0.027,3355
2026-06-02T16:45:07Z,1500,76.0,112101,10.888,0.027,3355
2026-06-02T16:45:08Z,1500,75.0,113173,10.888,0.027,3355
2026-06-02T16:45:08Z,1500,63.0,69212,6.487,0.017,3397
2026-06-02T16:45:08Z,1500,62.0,69009,0.013,0.009,3420
2026-06-02T16:45:08Z,1500,62.0,64240,0.013,0.009,3405
2026-06-02T16:45:08Z,1500,61.0,64248,0.013,0.009,3387
2026-06-02T16:45:09Z,1500,61.0,64215,0.013,0.009,3376
2026-06-02T16:45:09Z,1000,59.0,49039,0.012,0.009,3461
2026-06-02T16:45:09Z,1000,58.0,47111,0.012,0.009,3460
2026-06-02T16:45:09Z,1000,58.0,47096,0.012,0.009,3460
2026-06-02T16:45:09Z,1000,58.0,47101,0.012,0.009,3455
2026-06-02T16:45:10Z,1000,58.0,47076,0.012,0.009,3455
2026-06-02T16:45:10Z,1000,57.0,47083,0.012,0.009,3455
2026-06-02T16:45:10Z,1000,57.0,47076,0.012,0.009,3455
2026-06-02T16:45:10Z,1000,57.0,47075,0.012,0.009,3455
2026-06-02T16:45:10Z,1000,56.0,47071,0.012,0.009,3454
2026-06-02T16:45:11Z,1000,57.0,51080,0.012,0.009,3457
2026-06-02T16:45:11Z,1000,57.0,47086,0.012,0.009,3454
2026-06-02T16:45:11Z,1000,57.0,47090,0.012,0.009,3454
2026-06-02T16:45:11Z,1000,57.0,47075,0.012,0.009,3454
2026-06-02T16:45:11Z,1000,58.0,47084,0.012,0.009,3455
2026-06-02T16:45:12Z,1000,57.0,47044,0.012,0.009,3455
2026-06-02T16:45:12Z,1000,57.0,47058,0.012,0.009,3455
2026-06-02T16:45:12Z,1000,57.0,47068,0.012,0.009,3455
2026-06-02T16:45:12Z,1000,57.0,47046,0.012,0.009,3455
2026-06-02T16:45:12Z,1000,56.0,47068,0.012,0.009,3455
2026-06-02T16:45:13Z,1000,57.0,47052,0.012,0.009,3455
2026-06-02T16:45:13Z,1000,56.0,47051,0.012,0.009,3455
2026-06-02T16:45:13Z,1000,57.0,47063,0.012,0.009,3456
2026-06-02T16:45:13Z,1000,56.0,47043,0.012,0.009,3456
2026-06-02T16:45:13Z,1000,56.0,47067,0.012,0.009,3457
2026-06-02T16:45:14Z,1000,56.0,47064,0.012,0.009,3457
2026-06-02T16:45:14Z,1000,56.0,51164,0.012,0.009,3462
2026-06-02T16:45:14Z,1000,57.0,47056,0.012,0.009,3465
2026-06-02T16:45:14Z,1000,56.0,47076,0.012,0.009,3465
2026-06-02T16:45:14Z,1000,56.0,47067,0.012,0.009,3465
2026-06-02T16:45:15Z,1000,57.0,47059,0.012,0.009,3465
2026-06-02T16:45:15Z,1000,56.0,47055,0.012,0.009,3465
2026-06-02T16:45:15Z,1000,56.0,47063,0.012,0.009,3465
2026-06-02T16:45:15Z,1000,56.0,47067,0.012,0.009,3465
2026-06-02T16:45:15Z,1000,57.0,47060,0.012,0.009,3465
2026-06-02T16:45:16Z,1000,56.0,47055,0.012,0.009,3452
2026-06-02T16:45:16Z,1000,57.0,47073,0.012,0.009,3452
2026-06-02T16:45:16Z,1000,56.0,47071,0.012,0.009,3451
2026-06-02T16:45:16Z,1000,56.0,47035,0.012,0.009,3451
2026-06-02T16:45:16Z,1000,56.0,47032,0.012,0.009,3452
2026-06-02T16:45:17Z,1000,56.0,47045,0.012,0.009,3452
2026-06-02T16:45:17Z,1000,56.0,47034,0.012,0.009,3452
2026-06-02T16:45:17Z,1000,56.0,47026,0.012,0.009,3453
2026-06-02T16:45:17Z,1000,56.0,47058,0.012,0.009,3453
2026-06-02T16:45:17Z,1000,55.0,47040,0.012,0.009,3453
2026-06-02T16:45:18Z,1000,56.0,47049,0.012,0.009,3452
2026-06-02T16:45:18Z,1000,56.0,47021,0.012,0.009,3452
2026-06-02T16:45:18Z,1000,56.0,47050,0.012,0.009,3452
2026-06-02T16:45:18Z,1000,56.0,47041,0.012,0.009,3453
2026-06-02T16:45:18Z,1000,56.0,47048,0.012,0.009,3452
2026-06-02T16:45:19Z,1000,56.0,47050,0.012,0.009,3452
2026-06-02T16:45:19Z,1000,56.0,47042,0.012,0.009,3452
2026-06-02T16:45:19Z,1000,56.0,47068,0.012,0.009,3453
2026-06-02T16:45:19Z,1000,56.0,47040,0.012,0.009,3453
2026-06-02T16:45:19Z,1000,55.0,47003,0.012,0.009,3453
2026-06-02T16:45:20Z,1000,56.0,47026,0.012,0.009,3453
2026-06-02T16:45:20Z,1000,56.0,47023,0.012,0.009,3453
2026-06-02T16:45:20Z,1000,56.0,47026,0.012,0.009,3453
2026-06-02T16:45:20Z,1000,56.0,47079,0.012,0.009,3453
2026-06-02T16:45:20Z,1000,56.0,47051,0.012,0.009,3453
2026-06-02T16:45:21Z,1000,56.0,47038,0.012,0.009,3453
2026-06-02T16:45:21Z,1000,56.0,47030,0.012,0.009,3453
2026-06-02T16:45:21Z,1000,56.0,47041,0.012,0.009,3453
2026-06-02T16:45:21Z,1000,56.0,47100,0.012,0.009,3453
2026-06-02T16:45:21Z,1000,56.0,47084,0.012,0.009,3453
2026-06-02T16:45:22Z,1000,56.0,47046,0.012,0.009,3453
2026-06-02T16:45:22Z,1000,56.0,47080,0.012,0.009,3453
2026-06-02T16:45:22Z,1000,57.0,47027,0.012,0.009,3454
2026-06-02T16:45:22Z,1000,56.0,47049,0.012,0.009,3454
2026-06-02T16:45:22Z,1000,56.0,47057,0.012,0.009,3454
2026-06-02T16:45:23Z,1000,56.0,47045,0.012,0.009,3454
2026-06-02T16:45:23Z,1000,57.0,47032,0.012,0.009,3454
2026-06-02T16:45:23Z,1000,56.0,47051,0.012,0.009,3455
2026-06-02T16:45:23Z,1000,56.0,47016,0.012,0.009,3455
2026-06-02T16:45:23Z,1000,56.0,47021,0.012,0.009,3455
2026-06-02T16:45:24Z,1000,57.0,46255,0.012,0.009,3455
2026-06-02T16:45:24Z,1000,56.0,47026,0.012,0.009,3455
2026-06-02T16:45:24Z,1000,56.0,47044,0.012,0.009,3455
2026-06-02T16:45:24Z,1000,55.0,47052,0.012,0.009,3455
2026-06-02T16:45:24Z,1000,56.0,47037,0.012,0.009,3455
2026-06-02T16:45:25Z,1000,56.0,47014,0.012,0.009,3455
2026-06-02T16:45:25Z,1000,55.0,47057,0.012,0.009,3455
2026-06-02T16:45:25Z,1000,56.0,47023,0.012,0.009,3455
2026-06-02T16:45:25Z,1000,56.0,47018,0.012,0.009,3455
2026-06-02T16:45:25Z,1000,56.0,47043,0.012,0.009,3455
2026-06-02T16:45:26Z,1000,56.0,47041,0.012,0.009,3456
2026-06-02T16:45:26Z,1000,56.0,47049,0.012,0.009,3456
2026-06-02T16:45:26Z,1000,55.0,47042,0.012,0.009,3456
2026-06-02T16:45:26Z,1000,56.0,47040,0.012,0.009,3456
2026-06-02T16:45:26Z,1000,55.0,47058,0.012,0.009,3455
2026-06-02T16:45:27Z,1000,56.0,47067,0.012,0.009,3455
2026-06-02T16:45:27Z,1000,55.0,47048,0.012,0.009,3456
2026-06-02T16:45:27Z,1000,56.0,47167,0.012,0.009,3456
2026-06-02T16:45:27Z,1000,55.0,47027,0.012,0.009,3457
2026-06-02T16:45:27Z,1000,55.0,47043,0.012,0.009,3457
2026-06-02T16:45:28Z,1000,56.0,47005,0.012,0.009,3457
2026-06-02T16:45:28Z,1000,55.0,47041,0.012,0.009,3457
2026-06-02T16:45:28Z,1000,55.0,47014,0.012,0.009,3457
2026-06-02T16:45:28Z,1000,55.0,46246,0.012,0.009,3457
2026-06-02T16:45:28Z,1000,56.0,47060,0.012,0.009,3457
2026-06-02T16:45:29Z,1000,56.0,47069,0.012,0.009,3457
2026-06-02T16:45:29Z,1000,56.0,47016,0.012,0.009,3457
2026-06-02T16:45:29Z,1000,56.0,47039,0.012,0.009,3457
2026-06-02T16:45:29Z,1000,56.0,47052,0.012,0.009,3457
2026-06-02T16:45:29Z,1000,55.0,47017,0.012,0.009,3457
2026-06-02T16:45:30Z,1000,55.0,47011,0.012,0.009,3457
2026-06-02T16:45:30Z,1000,56.0,47045,0.012,0.009,3457
2026-06-02T16:45:30Z,1000,56.0,47042,0.012,0.009,3457
2026-06-02T16:45:30Z,1000,55.0,47056,0.012,0.009,3457
2026-06-02T16:45:30Z,1000,56.0,47011,0.012,0.009,3457
2026-06-02T16:45:31Z,1000,56.0,47041,0.012,0.009,3457
2026-06-02T16:45:31Z,1000,56.0,47041,0.012,0.009,3457
2026-06-02T16:45:31Z,1000,56.0,46253,0.012,0.009,3457
2026-06-02T16:45:31Z,1000,55.0,47026,0.012,0.009,3457
2026-06-02T16:45:31Z,1000,55.0,47024,0.012,0.009,3457
2026-06-02T16:45:32Z,1000,56.0,46239,0.012,0.009,3457
2026-06-02T16:45:32Z,1000,55.0,47070,0.012,0.009,3456
2026-06-02T16:45:32Z,1000,56.0,47069,0.012,0.009,3457
2026-06-02T16:45:32Z,1000,55.0,46250,0.012,0.009,3458
2026-06-02T16:45:32Z,1000,55.0,47031,0.012,0.009,3458
2026-06-02T16:45:33Z,1000,56.0,46250,0.012,0.009,3458
2026-06-02T16:45:33Z,1000,56.0,46246,0.012,0.009,3458
2026-06-02T16:45:33Z,1000,56.0,47042,0.012,0.009,3458
2026-06-02T16:45:33Z,1000,56.0,46195,0.012,0.009,3458
2026-06-02T16:45:33Z,1000,56.0,46236,0.012,0.009,3458
2026-06-02T16:45:34Z,1000,55.0,47097,0.012,0.009,3458
2026-06-02T16:45:34Z,1000,55.0,47064,0.012,0.009,3458
2026-06-02T16:45:34Z,1000,55.0,47027,0.012,0.009,3458
2026-06-02T16:45:34Z,1000,56.0,47022,0.012,0.009,3458
2026-06-02T16:45:34Z,1000,55.0,47014,0.012,0.009,3457
2026-06-02T16:45:35Z,1000,56.0,46247,0.012,0.009,3457
2026-06-02T16:45:35Z,1000,55.0,46199,0.012,0.009,3457
2026-06-02T16:45:35Z,1000,55.0,47028,0.012,0.009,3457
2026-06-02T16:45:35Z,1000,55.0,46212,0.012,0.009,3457
2026-06-02T16:45:35Z,1000,55.0,46245,0.012,0.009,3457
2026-06-02T16:45:36Z,1000,55.0,47027,0.012,0.009,3457
2026-06-02T16:45:36Z,1000,56.0,46250,0.012,0.009,3457
2026-06-02T16:45:36Z,1000,55.0,46255,0.012,0.009,3457
2026-06-02T16:45:36Z,1000,55.0,46235,0.012,0.009,3457
2026-06-02T16:45:36Z,1000,55.0,46173,0.012,0.009,3457
2026-06-02T16:45:37Z,1000,55.0,46224,0.012,0.009,3457
2026-06-02T16:45:37Z,1000,56.0,46213,0.012,0.009,3457
2026-06-02T16:45:37Z,1000,55.0,47114,0.012,0.009,3457
2026-06-02T16:45:37Z,1000,56.0,46172,0.012,0.009,3457
2026-06-02T16:45:37Z,1000,55.0,47068,0.012,0.009,3457
2026-06-02T16:45:38Z,1000,56.0,47055,0.012,0.009,3457
2026-06-02T16:45:38Z,1000,56.0,47020,0.012,0.009,3457
2026-06-02T16:45:38Z,1000,55.0,47058,0.012,0.009,3457
2026-06-02T16:45:38Z,1000,55.0,47101,0.012,0.009,3457
2026-06-02T16:45:38Z,1000,55.0,47099,0.012,0.009,3457
2026-06-02T16:45:39Z,1000,56.0,47063,0.012,0.009,3457
2026-06-02T16:45:39Z,1000,55.0,46167,0.012,0.009,3457
2026-06-02T16:45:39Z,1000,55.0,47006,0.012,0.009,3457
2026-06-02T16:45:39Z,1000,55.0,46164,0.012,0.009,3457
2026-06-02T16:45:39Z,1000,56.0,47033,0.012,0.009,3457
2026-06-02T16:45:40Z,1000,55.0,47022,0.012,0.009,3458
2026-06-02T16:45:40Z,1000,55.0,47016,0.012,0.009,3458
2026-06-02T16:45:40Z,1000,54.0,46250,0.012,0.009,3458
2026-06-02T16:45:40Z,1000,56.0,0,0.012,0.009,3457
2026-06-02T16:45:40Z,1000,55.0,46254,0.012,0.009,3457
2026-06-02T16:45:41Z,1000,55.0,46249,0.012,0.009,3457
2026-06-02T16:45:41Z,1000,55.0,47030,0.012,0.009,3457
2026-06-02T16:45:41Z,1000,55.0,47007,0.012,0.009,3457
2026-06-02T16:45:41Z,1000,56.0,47000,0.012,0.009,3457
2026-06-02T16:45:41Z,1000,55.0,46255,0.012,0.009,3457
2026-06-02T16:45:42Z,1000,55.0,47016,0.012,0.009,3457
2026-06-02T16:45:42Z,1000,54.0,47012,0.012,0.009,3457
2026-06-02T16:45:42Z,1000,55.0,47006,0.012,0.009,3457
2026-06-02T16:45:42Z,1000,56.0,46254,0.012,0.009,3457
2026-06-02T16:45:42Z,1000,55.0,47015,0.012,0.009,3457
2026-06-02T16:45:43Z,1000,55.0,47009,0.012,0.009,3457
2026-06-02T16:45:43Z,1000,55.0,47021,0.012,0.009,3457
2026-06-02T16:45:43Z,1000,55.0,47028,0.012,0.009,3457
2026-06-02T16:45:43Z,1000,55.0,47008,0.012,0.009,3457
2026-06-02T16:45:43Z,1000,56.0,47003,0.012,0.009,3458
2026-06-02T16:45:44Z,1000,56.0,46250,0.012,0.009,3458
2026-06-02T16:45:44Z,1000,55.0,46252,0.012,0.009,3458
2026-06-02T16:45:44Z,1000,55.0,47010,0.012,0.009,3458
2026-06-02T16:45:44Z,1000,55.0,46242,0.012,0.009,3458
2026-06-02T16:45:44Z,1000,54.0,46249,0.012,0.009,3458
2026-06-02T16:45:45Z,1000,55.0,47003,0.012,0.009,3458
2026-06-02T16:45:45Z,1000,55.0,47003,0.012,0.009,3458
2026-06-02T16:45:45Z,1000,55.0,46253,0.012,0.009,3458
2026-06-02T16:45:45Z,1000,55.0,46247,0.012,0.009,3458
2026-06-02T16:45:45Z,1000,55.0,46248,0.012,0.009,3458
2026-06-02T16:45:46Z,1000,55.0,47025,0.012,0.009,3458
2026-06-02T16:45:46Z,1000,55.0,47020,0.012,0.009,3458
2026-06-02T16:45:46Z,1000,55.0,46254,0.012,0.009,3458
2026-06-02T16:45:46Z,1000,55.0,46246,0.012,0.009,3458
2026-06-02T16:45:46Z,1000,55.0,47013,0.012,0.009,3458
2026-06-02T16:45:47Z,1000,55.0,47017,0.012,0.009,3458
2026-06-02T16:45:47Z,1000,55.0,47011,0.012,0.009,3458
2026-06-02T16:45:47Z,1000,55.0,47013,0.012,0.009,3458
2026-06-02T16:45:47Z,1000,55.0,47002,0.012,0.009,3457
2026-06-02T16:45:47Z,1000,55.0,46249,0.012,0.009,3457
2026-06-02T16:45:48Z,1000,55.0,47007,0.012,0.009,3458
2026-06-02T16:45:48Z,1000,55.0,46251,0.012,0.009,3458
2026-06-02T16:45:48Z,1000,55.0,47017,0.012,0.009,3458
2026-06-02T16:45:48Z,1000,55.0,46231,0.012,0.009,3458
2026-06-02T16:45:48Z,1000,55.0,47000,0.012,0.009,3458
2026-06-02T16:45:49Z,1000,55.0,46249,0.012,0.009,3458
2026-06-02T16:45:49Z,1000,56.0,46250,0.012,0.009,3458
2026-06-02T16:45:49Z,1000,55.0,47024,0.012,0.009,3458
2026-06-02T16:45:49Z,1000,55.0,47027,0.012,0.009,3458
2026-06-02T16:45:49Z,1000,55.0,47001,0.012,0.009,3458
2026-06-02T16:45:50Z,1000,55.0,46250,0.012,0.009,3458
2026-06-02T16:45:50Z,1000,56.0,46245,0.012,0.009,3458
2026-06-02T16:45:50Z,1000,55.0,46225,0.012,0.009,3458
2026-06-02T16:45:50Z,1000,55.0,47004,0.012,0.009,3458
2026-06-02T16:45:50Z,1000,55.0,46251,0.012,0.009,3458
2026-06-02T16:45:51Z,1000,55.0,46238,0.012,0.009,3458
2026-06-02T16:45:51Z,1000,55.0,47014,0.012,0.009,3458
2026-06-02T16:45:51Z,1000,55.0,47002,0.012,0.009,3458
2026-06-02T16:45:51Z,1000,55.0,46237,0.012,0.009,3458
2026-06-02T16:45:51Z,1000,55.0,47012,0.012,0.009,3458
2026-06-02T16:45:52Z,1000,55.0,47008,0.012,0.009,3458
2026-06-02T16:45:52Z,1000,55.0,47013,0.012,0.009,3458
2026-06-02T16:45:52Z,1000,55.0,47016,0.012,0.009,3458
2026-06-02T16:45:52Z,1000,55.0,47003,0.012,0.009,3458
2026-06-02T16:45:52Z,1000,55.0,47005,0.012,0.009,3458
2026-06-02T16:45:53Z,1000,55.0,47011,0.012,0.009,3457
2026-06-02T16:45:53Z,1000,55.0,46242,0.012,0.009,3458
2026-06-02T16:45:53Z,1000,55.0,47007,0.012,0.009,3458
2026-06-02T16:45:53Z,1000,55.0,46243,0.012,0.009,3458
2026-06-02T16:45:53Z,1000,55.0,47015,0.012,0.009,3458
2026-06-02T16:45:54Z,1000,55.0,47026,0.012,0.009,3458
2026-06-02T16:45:54Z,1000,56.0,47003,0.012,0.009,3458
2026-06-02T16:45:54Z,1000,55.0,47013,0.012,0.009,3458
2026-06-02T16:45:54Z,1000,55.0,46251,0.012,0.009,3458
2026-06-02T16:45:54Z,1000,54.0,47035,0.012,0.009,3458
2026-06-02T16:45:55Z,1000,54.0,47016,0.012,0.009,3458
2026-06-02T16:45:55Z,1000,55.0,46245,0.012,0.009,3458
2026-06-02T16:45:55Z,1000,55.0,47018,0.012,0.009,3458
2026-06-02T16:45:55Z,1000,55.0,47023,0.012,0.009,3458
2026-06-02T16:45:55Z,1000,55.0,47051,0.012,0.009,3454
